name,datetime,tempmax,tempmin,temp,feelslikemax,feelslikemin,feelslike,dew,humidity,precip,precipprob,precipcover,preciptype,snow,snowdepth,windgust,windspeed,winddir,sealevelpressure,cloudcover,visibility,solarradiation,solarenergy,uvindex,severerisk,sunrise,sunset,moonphase,conditions,description,icon,stations
anantapur,2020-01-01,31.7,21.7,25.9,32.9,21.7,26.4,19.5,69.3,0.6,100,12.5,rain,0,0,33.5,17.6,107.9,1014.4,50.6,5.5,158.5,13.7,6,,2020-01-01T06:44:45,2020-01-01T18:01:06,0.19,"Rain, Partially cloudy",Partly cloudy throughout the day with rain.,rain,"remote,43237099999"
anantapur,2020-01-02,31.9,21.4,26.4,34,21.4,27,20.1,69.9,0.1,100,4.17,rain,0,0,28.1,14.8,106.7,1015.2,57.9,6.3,136.5,11.8,5,,2020-01-02T06:45:07,2020-01-02T18:01:40,0.23,"Rain, Partially cloudy",Partly cloudy throughout the day with late afternoon rain.,rain,"remote,43237099999"
anantapur,2020-01-03,33.4,22.1,27,35.8,22.1,28,20.4,69,0.5,100,20.83,rain,0,0,23.4,13.7,124.5,1013.6,46.3,6.3,174.8,15.1,7,,2020-01-03T06:45:29,2020-01-03T18:02:15,0.25,"Rain, Partially cloudy",Partly cloudy throughout the day with a chance of rain throughout the day.,rain,"remote,43237099999"
anantapur,2020-01-04,33.3,23.1,27.7,33.6,23.1,27.9,19,63.3,0,0,0,,0,0,25.2,11.2,71.7,1011.5,33.9,6.3,201.7,17.5,8,,2020-01-04T06:45:50,2020-01-04T18:02:50,0.29,Partially cloudy,Partly cloudy throughout the day.,partly-cloudy-day,"remote,43237099999"
anantapur,2020-01-05,31.1,22.7,25.4,36.4,22.7,26.2,21.6,79.7,1.9,100,41.67,rain,0,0,34.6,16.2,76.1,1012.5,77.1,7,125.1,10.8,5,,2020-01-05T06:46:09,2020-01-05T18:03:25,0.32,"Rain, Partially cloudy",Partly cloudy throughout the day with a chance of rain throughout the day.,rain,"remote,43237099999"
anantapur,2020-01-06,30.4,22.2,25,33.6,22.2,25.5,21,79.3,1.5,100,41.67,rain,0,0,39.2,18.7,91.5,1014.8,74.1,6.3,138.9,12,6,,2020-01-06T06:46:28,2020-01-06T18:04:00,0.35,"Rain, Partially cloudy",Partly cloudy throughout the day with a chance of rain throughout the day.,rain,"remote,43237099999"
anantapur,2020-01-07,29.4,22.3,25.2,30.9,22.3,25.8,20.8,77.7,0.2,100,4.17,rain,0,0,33.5,16.2,98.4,1014.6,66,6.3,132.1,11.3,5,,2020-01-07T06:46:46,2020-01-07T18:04:35,0.39,"Rain, Partially cloudy",Partly cloudy throughout the day with morning rain.,rain,"remote,43237099999"
anantapur,2020-01-08,32.9,20.9,25.7,34.5,20.9,26.1,19.4,70.3,0,0,0,,0,0,26.3,14.4,105.2,1013.4,50.6,6.3,174.5,15.1,6,,2020-01-08T06:47:02,2020-01-08T18:05:10,0.42,Partially cloudy,Partly cloudy throughout the day.,partly-cloudy-day,"remote,43237099999"
anantapur,2020-01-09,33.2,20.2,26.1,34.3,20.2,26.3,18.1,64.8,0,0,0,,0,0,26.3,14,106,1012.7,82.7,6.3,220.1,19,8,,2020-01-09T06:47:18,2020-01-09T18:05:46,0.45,Partially cloudy,Partly cloudy throughout the day.,partly-cloudy-day,"remote,43237099999"
anantapur,2020-01-10,30,19.9,25,29.9,19.9,25.2,18,66.9,0,0,0,,0,0,37.8,17.6,87.7,1013.4,82,6.3,181.9,15.7,7,,2020-01-10T06:47:33,2020-01-10T18:06:21,0.48,Partially cloudy,Partly cloudy throughout the day.,partly-cloudy-day,"remote,43237099999"
anantapur,2020-01-11,29.7,19.1,24.3,29.4,19.1,24.3,17.5,68.4,0,0,0,,0,0,33.5,15.5,92,1015,55.2,5.7,176.3,15.3,6,,2020-01-11T06:47:47,2020-01-11T18:06:56,0.5,Partially cloudy,Partly cloudy throughout the day.,partly-cloudy-day,"remote,43237099999"
anantapur,2020-01-12,30.5,19.1,24.5,29.9,19.1,24.5,17.2,67,0,0,0,,0,0,31,13.7,90.3,1014.1,42.9,6.3,194.2,16.8,7,,2020-01-12T06:47:59,2020-01-12T18:07:31,0.55,Partially cloudy,Partly cloudy throughout the day.,partly-cloudy-day,"remote,43237099999"
anantapur,2020-01-13,31.1,18.7,24.7,30.4,18.7,24.5,15.4,60.8,0,0,0,,0,0,22.3,12.2,99.6,1012.2,11.5,6.6,238.1,20.4,8,,2020-01-13T06:48:11,2020-01-13T18:08:06,0.59,Clear,Clear conditions throughout the day.,clear-day,"remote,43237099999"
anantapur,2020-01-14,31.9,17.9,24.8,31.2,17.9,24.5,13.2,52.5,0,0,0,,0,0,28.4,16.6,100.9,1012,18.2,6.6,243.5,21.2,9,,2020-01-14T06:48:21,2020-01-14T18:08:41,0.62,Clear,Clear conditions throughout the day.,clear-day,"remote,43237099999"
anantapur,2020-01-15,31.1,17.9,24.2,29.4,17.9,23.9,14.2,57.9,0,0,0,,0,0,32.8,16.9,101.2,1012.7,0,6.3,247.5,21.2,9,,2020-01-15T06:48:31,2020-01-15T18:09:15,0.66,Clear,Clear conditions throughout the day.,clear-day,"remote,43237099999"
anantapur,2020-01-16,31,17.1,24.4,30.2,17.1,24.2,15.1,60,0,0,0,,0,0,29.2,15.8,105.2,1012.5,5.7,6.3,241.8,21,8,,2020-01-16T06:48:39,2020-01-16T18:09:50,0.69,Clear,Clear conditions throughout the day.,clear-day,"remote,43237099999"
anantapur,2020-01-17,32.4,19.8,25.8,32.1,19.8,25.7,15.2,54.4,0,0,0,,0,0,32,14.8,105.4,1012.7,21.6,7,237.3,20.6,8,,2020-01-17T06:48:46,2020-01-17T18:10:24,0.75,Partially cloudy,Partly cloudy throughout the day.,partly-cloudy-day,"remote,43237099999"
anantapur,2020-01-18,31.5,19.2,25.9,32.5,19.2,26.3,18.7,66.3,0,0,0,,0,0,37.4,19.8,106.6,1012.5,44.9,5.5,201.4,17.4,8,,2020-01-18T06:48:52,2020-01-18T18:10:58,0.76,Partially cloudy,Partly cloudy throughout the day.,partly-cloudy-day,"remote,43237099999"
anantapur,2020-01-19,32.4,20.2,26.6,32.6,20.2,26.9,18.3,63.2,0,0,0,,0,0,31,15.5,106.4,1013.2,48.9,6.3,180.6,15.8,7,,2020-01-19T06:48:57,2020-01-19T18:11:32,0.8,Partially cloudy,Clearing in the afternoon.,partly-cloudy-day,"remote,43237099999"
anantapur,2020-01-20,33.7,21.2,27.3,34,21.2,27.1,16.9,56.9,0,0,0,,0,0,30.6,17.6,100.2,1013.8,24.6,6.3,232.6,20.1,8,,2020-01-20T06:49:01,2020-01-20T18:12:05,0.84,Partially cloudy,Partly cloudy throughout the day.,partly-cloudy-day,"remote,43237099999"
anantapur,2020-01-21,32.7,21.1,26.3,31.2,21.1,25.8,14.8,53.5,0,0,0,,0,0,40,19.8,100.9,1015.3,48,7,246.2,21.2,9,,2020-01-21T06:49:03,2020-01-21T18:12:38,0.87,Partially cloudy,Partly cloudy throughout the day.,partly-cloudy-day,"remote,43237099999"
anantapur,2020-01-22,31.6,20.1,25.3,31.3,20.1,25.4,17.2,63.5,0,0,0,,0,0,37.8,18.4,97.1,1016.2,6.1,6.3,245.6,21.3,9,,2020-01-22T06:49:05,2020-01-22T18:13:11,0.91,Clear,Clear conditions throughout the day.,clear-day,"remote,43237099999"
anantapur,2020-01-23,33.2,20.2,26.2,32.2,20.2,26,16.6,59.3,0,0,0,,0,0,34.9,16.6,100.1,1015,11,6.3,248.4,21.3,9,,2020-01-23T06:49:05,2020-01-23T18:13:43,0.94,Clear,Clear conditions throughout the day.,clear-day,"remote,43237099999"
anantapur,2020-01-24,32.9,19.9,26.2,31.2,19.9,25.6,14,52.2,0,0,0,,0,0,29.5,14.4,96.3,1014.2,4.6,6.3,252.7,21.9,9,,2020-01-24T06:49:04,2020-01-24T18:14:15,0.98,Clear,Clear conditions throughout the day.,clear-day,"remote,43237099999"
anantapur,2020-01-25,32.9,17.4,25.9,31.6,17.4,25.3,12.8,48.4,0,0,0,,0,0,31,13.7,104.2,1014.1,1.9,6.3,253.6,22,9,,2020-01-25T06:49:02,2020-01-25T18:14:46,0,Clear,Clear conditions throughout the day.,clear-day,"remote,43237099999"
anantapur,2020-01-26,34,16.4,26.4,32.4,16.4,25.9,12.5,45,0,0,0,,0,0,25.9,12.2,104.6,1012.6,1.7,6.3,249.3,21.4,9,,2020-01-26T06:48:59,2020-01-26T18:15:17,0.04,Clear,Clear conditions throughout the day.,clear-day,"remote,43237099999"
anantapur,2020-01-27,34.9,18.4,27.4,33.5,18.4,26.8,13.4,45.4,0,0,0,,0,0,30.6,17.6,112.9,1011.5,21.6,6.3,250.4,21.5,9,,2020-01-27T06:48:55,2020-01-27T18:15:48,0.08,Partially cloudy,Partly cloudy throughout the day.,partly-cloudy-day,"remote,43237099999"
anantapur,2020-01-28,35.1,19.7,27.5,34.8,19.7,27.8,16.8,54.1,0,0,0,,0,0,28.1,15.8,236.1,1011.8,42.1,6.3,223.9,19.3,8,,2020-01-28T06:48:49,2020-01-28T18:16:18,0.11,Partially cloudy,Partly cloudy throughout the day.,partly-cloudy-day,"remote,43237099999"
anantapur,2020-01-29,34.5,20.4,27.7,33.7,20.4,27.8,16.3,51.7,0,0,0,,0,0,28.1,12.6,295,1012.7,60.2,6.3,236,20.4,8,,2020-01-29T06:48:43,2020-01-29T18:16:47,0.14,Partially cloudy,Partly cloudy throughout the day.,partly-cloudy-day,"remote,43237099999"
anantapur,2020-01-30,35.2,20.7,28.5,35.3,20.7,28.5,15.9,49,0,0,0,,0,0,19.4,9,343.2,1011.9,6.2,6.3,249.7,21.5,9,,2020-01-30T06:48:35,2020-01-30T18:17:17,0.17,Clear,Clear conditions throughout the day.,clear-day,"remote,43237099999"
anantapur,2020-01-31,36.1,23.3,28.8,36.1,23.3,28.6,15.9,48.9,0,0,0,,0,0,36.4,16.2,86.1,1010.7,7.7,6.6,251.7,21.9,9,,2020-01-31T06:48:26,2020-01-31T18:17:45,0.21,Clear,Clear conditions throughout the day.,clear-day,"remote,43237099999"
anantapur,2020-02-01,35.4,20.4,28.4,34.9,20.4,28.3,16.7,52.3,0,0,0,,0,0,40.7,22.7,114.3,1011.3,12.9,6.3,227.1,19.6,8,,2020-02-01T06:48:16,2020-02-01T18:18:13,0.24,Clear,Clear conditions throughout the day.,clear-day,"remote,43237099999"
anantapur,2020-02-02,32.4,20.7,27.3,31.8,20.7,27.2,16.7,54.8,0,0,0,,0,0,34.9,18.7,105,1013.8,45.1,6.3,170.8,14.7,7,,2020-02-02T06:48:05,2020-02-02T18:18:41,0.25,Partially cloudy,Partly cloudy throughout the day.,partly-cloudy-day,"remote,43237099999"
anantapur,2020-02-03,33.2,21.6,27,32,21.6,26.5,14.8,51.4,0,0,0,,0,0,32.4,17.6,100.5,1014.4,55.5,6.3,250,21.7,9,,2020-02-03T06:47:53,2020-02-03T18:19:08,0.3,Partially cloudy,Partly cloudy throughout the day.,partly-cloudy-day,"remote,43237099999"
anantapur,2020-02-04,33.5,20.4,26.9,31.6,20.4,26.2,13.5,48.5,0,0,0,,0,0,33.5,16.9,111.1,1013,3.4,6.3,264.5,22.9,9,,2020-02-04T06:47:40,2020-02-04T18:19:34,0.34,Clear,Clear conditions throughout the day.,clear-day,"remote,43237099999"
anantapur,2020-02-05,33.7,21.9,27.5,32.2,21.9,27,14.3,49.1,0,0,0,,0,0,30.6,14.8,106.8,1012.9,45.8,6.6,258.4,22.3,9,,2020-02-05T06:47:25,2020-02-05T18:20:00,0.37,Partially cloudy,Partly cloudy throughout the day.,partly-cloudy-day,"remote,43237099999"
anantapur,2020-02-06,35.7,21.7,28.4,35.2,21.7,28.1,13.2,41,0,0,0,,0,0,35.3,14.8,132.3,1012.2,28.4,6.3,248.2,21.3,9,,2020-02-06T06:47:10,2020-02-06T18:20:25,0.4,Partially cloudy,Partly cloudy throughout the day.,partly-cloudy-day,"remote,43237099999"
anantapur,2020-02-07,33.6,20.2,28.5,33.8,20.2,28.4,15.6,47,0,0,0,,0,0,36,18,173.1,1012.3,55.6,6.3,214.5,18.4,8,,2020-02-07T06:46:53,2020-02-07T18:20:50,0.43,Partially cloudy,Partly cloudy throughout the day.,partly-cloudy-day,"remote,43237099999"
anantapur,2020-02-08,34.1,22.1,28.3,33.3,22.1,28.1,15.6,48.1,0,0,0,,0,0,23,9.4,282.2,1012.5,42.7,6.3,208,17.9,8,,2020-02-08T06:46:36,2020-02-08T18:21:14,0.47,Partially cloudy,Partly cloudy throughout the day.,partly-cloudy-day,"remote,43237099999"
anantapur,2020-02-09,32.7,23.1,27.7,32.7,23.1,27.8,17.3,55.2,0.3,100,8.33,rain,0,0,43.9,25.2,93.1,1013.5,33.3,6.3,217.1,18.8,8,,2020-02-09T06:46:17,2020-02-09T18:21:38,0.5,"Rain, Partially cloudy",Partly cloudy throughout the day with early morning rain.,rain,"remote,43237099999"
anantapur,2020-02-10,32.8,21.7,27,32.9,21.7,27,17.6,59.4,0,0,0,,0,0,46.8,23.8,97.8,1014.1,35.4,6.3,246.3,21.2,9,,2020-02-10T06:45:58,2020-02-10T18:22:01,0.53,Partially cloudy,Clearing in the afternoon.,partly-cloudy-day,"remote,43237099999"
anantapur,2020-02-11,32.3,21.4,26.5,31.9,21.4,26.4,17.3,60.2,0,0,0,,0,0,40.7,20.9,93.5,1014.4,36.3,6.3,199.2,17.1,8,,2020-02-11T06:45:37,2020-02-11T18:22:23,0.57,Partially cloudy,Partly cloudy throughout the day.,partly-cloudy-day,"remote,43237099999"
anantapur,2020-02-12,31.9,21.2,26.6,31,21.2,26.3,15.9,55.9,0,0,0,,0,0,35.6,19.1,93.8,1016,23.5,6.3,258.2,22.4,9,,2020-02-12T06:45:16,2020-02-12T18:22:45,0.6,Partially cloudy,Partly cloudy throughout the day.,partly-cloudy-day,"remote,43237099999"
anantapur,2020-02-13,33.7,19.9,26.8,33.2,19.9,26.7,15.5,52.5,0,0,0,,0,0,32.8,14.4,82,1015.2,3.5,6.3,268.2,23.1,9,,2020-02-13T06:44:53,2020-02-13T18:23:06,0.64,Clear,Clear conditions throughout the day.,clear-day,"remote,43237099999"
anantapur,2020-02-14,34.5,20.4,27.7,33,20.4,27.4,15,48.8,0,0,0,,0,0,24.5,9.7,67.4,1013,6.1,6.3,264.2,22.8,9,,2020-02-14T06:44:30,2020-02-14T18:23:27,0.67,Clear,Clear conditions throughout the day.,clear-day,"remote,43237099999"
anantapur,2020-02-15,35.7,18.2,28,33.2,18.2,27.1,10,35.9,0,0,0,,0,0,26.3,11.9,71.8,1012,5.5,6.3,276.3,23.8,9,,2020-02-15T06:44:05,2020-02-15T18:23:47,0.71,Clear,Clear conditions throughout the day.,clear-day,"remote,43237099999"
anantapur,2020-02-16,35.6,18.4,28.1,33.2,18.4,27.1,9.4,33.7,0,0,0,,0,0,34.9,17.6,101.7,1013.4,0,6.3,277.8,24,9,,2020-02-16T06:43:40,2020-02-16T18:24:07,0.75,Clear,Clear conditions throughout the day.,clear-day,"remote,43237099999"
anantapur,2020-02-17,35,17.9,27.5,32.8,17.9,26.8,10.1,35.7,0,0,0,,0,0,37.8,17.6,98,1014.4,0,6.3,279.7,24.1,10,,2020-02-17T06:43:14,2020-02-17T18:24:26,0.78,Clear,Clear conditions throughout the day.,clear-day,"remote,43237099999"
anantapur,2020-02-18,34.9,19.4,27.6,33.4,19.4,27.1,13,43.3,0,0,0,,0,0,34.9,15.5,98.4,1013.8,40.9,6.3,273.7,23.7,9,,2020-02-18T06:42:47,2020-02-18T18:24:44,0.81,Partially cloudy,Becoming cloudy in the afternoon.,partly-cloudy-day,"remote,43237099999"
anantapur,2020-02-19,34.7,20.2,27.9,32.9,20.2,27.3,13.8,45.6,0,0,0,,0,0,33.5,17.6,101.5,1013.5,32.1,6.3,276.2,23.9,9,,2020-02-19T06:42:19,2020-02-19T18:25:02,0.85,Partially cloudy,Partly cloudy throughout the day.,partly-cloudy-day,"remote,43237099999"
anantapur,2020-02-20,34.6,18.4,27.4,32.4,18.4,26.6,12.5,44.2,0,0,0,,0,0,36.7,18.4,101.3,1013.5,15.9,6.3,281.6,24.4,10,,2020-02-20T06:41:50,2020-02-20T18:25:19,0.88,Clear,Clear conditions throughout the day.,clear-day,"remote,43237099999"
anantapur,2020-02-21,33.9,19.2,26.8,31.9,19.2,26.2,13.4,48.3,0,0,0,,0,0,33.5,18.4,93.2,1015,10.8,6.3,284.3,24.6,10,,2020-02-21T06:41:20,2020-02-21T18:25:36,0.92,Clear,Clear conditions throughout the day.,clear-day,"remote,43237099999"
anantapur,2020-02-22,34.1,20.7,27.3,32.6,20.7,26.9,15.7,53.6,0,0,0,,0,0,33.8,17.6,93.7,1016,12.4,6.3,281.4,24.3,10,,2020-02-22T06:40:50,2020-02-22T18:25:52,0.95,Clear,Clear conditions throughout the day.,clear-day,"remote,43237099999"
anantapur,2020-02-23,34.2,20.2,27.5,33,20.2,27,15.7,53.9,0,0,0,,0,0,32.4,18.4,102.3,1014.9,69,6.3,275.9,23.8,10,,2020-02-23T06:40:19,2020-02-23T18:26:08,0,Partially cloudy,Partly cloudy throughout the day.,partly-cloudy-day,"remote,43237099999"
anantapur,2020-02-24,34.4,21.4,28.1,33.8,21.4,27.6,15.8,52.2,0,0,0,,0,0,30.2,15.8,103.1,1012.3,54.2,6.3,281.2,24.3,10,,2020-02-24T06:39:47,2020-02-24T18:26:23,0.02,Partially cloudy,Partly cloudy throughout the day.,partly-cloudy-day,"remote,43237099999"
anantapur,2020-02-25,37.1,20.1,29.1,37,20.1,28.9,15.6,47.5,0,0,0,,0,0,27.7,15.1,111,1010.3,60.3,6.3,249.1,21.6,9,,2020-02-25T06:39:14,2020-02-25T18:26:38,0.05,Partially cloudy,Partly cloudy throughout the day.,partly-cloudy-day,"remote,43237099999"
anantapur,2020-02-26,34,20.9,29,35,20.9,29.3,17.6,52.4,0,0,0,,0,0,32.8,16.9,87.1,1010.9,21.6,6.3,233.1,20.1,9,,2020-02-26T06:38:41,2020-02-26T18:26:52,0.09,Partially cloudy,Partly cloudy throughout the day.,partly-cloudy-day,"remote,43237099999"
anantapur,2020-02-27,34.4,23.1,29,34.1,23.1,29,17.5,52.5,0,0,0,,0,0,33.8,15.8,91.4,1011.6,46,6.3,232,19.9,8,,2020-02-27T06:38:07,2020-02-27T18:27:06,0.12,Partially cloudy,Partly cloudy throughout the day.,partly-cloudy-day,"remote,43237099999"
anantapur,2020-02-28,34.4,23.4,28.8,33.8,23.4,28.7,17.1,52.3,0,0,0,,0,0,38.2,20.5,97.1,1010.8,78.9,6.3,258.1,22.3,10,,2020-02-28T06:37:32,2020-02-28T18:27:19,0.15,Partially cloudy,Partly cloudy throughout the day.,partly-cloudy-day,"remote,43237099999"
anantapur,2020-02-29,35.4,23.4,28.9,34,23.4,28.5,16.1,50,0,0,0,,0,0,34.6,18,98.8,1010.4,29.7,6.3,276.8,24,9,,2020-02-29T06:36:57,2020-02-29T18:27:32,0.19,Partially cloudy,Partly cloudy throughout the day.,partly-cloudy-day,"remote,43237099999"
anantapur,2020-03-01,35.2,23.4,29.3,35,23.4,29.3,17.1,51.2,0,0,0,,0,0,35.6,20.5,101.2,1010.5,18.3,6.3,278.7,24.1,10,,2020-03-01T06:36:21,2020-03-01T18:27:45,0.22,Clear,Clear conditions throughout the day.,clear-day,"remote,43237099999"
anantapur,2020-03-02,35.1,24.1,29.6,35.3,24.1,29.6,17,48.8,0,0,0,,0,0,33.5,18.4,95.3,1011.1,40.4,6.3,229.8,19.9,8,,2020-03-02T06:35:45,2020-03-02T18:27:57,0.25,Partially cloudy,Clearing in the afternoon.,partly-cloudy-day,"remote,43237099999"
anantapur,2020-03-03,36.4,22.2,30.5,36.7,22.2,30.5,16.3,44.5,0,0,0,,0,0,24.5,12.6,102.3,1010.3,45.5,6.3,253.9,22.2,9,,2020-03-03T06:35:08,2020-03-03T18:28:08,0.25,Partially cloudy,Partly cloudy throughout the day.,partly-cloudy-day,"remote,43237099999"
anantapur,2020-03-04,35.6,25.7,30.6,35.3,25.7,30.5,15.3,40.9,0,0,0,,0,0,32.4,22.3,338.4,1010,27.7,7,233.2,20.3,9,,2020-03-04T06:34:31,2020-03-04T18:28:20,0.32,Partially cloudy,Partly cloudy throughout the day.,partly-cloudy-day,"remote,43237099999"
anantapur,2020-03-05,37.7,22.7,30.9,36.7,22.7,30.5,14.3,38.7,0,0,0,,0,0,25.6,11.2,290.3,1008.7,31.4,7,274.5,23.7,10,,2020-03-05T06:33:53,2020-03-05T18:28:31,0.35,Partially cloudy,Partly cloudy throughout the day.,partly-cloudy-day,"remote,43237099999"
anantapur,2020-03-06,35.4,25.7,30.4,35.5,25.7,30.6,16.1,42.9,0,0,0,,0,0,28.1,16.6,265.5,1009.5,45,7.4,205.6,17.8,7,,2020-03-06T06:33:14,2020-03-06T18:28:41,0.39,Partially cloudy,Partly cloudy throughout the day.,partly-cloudy-day,"remote,43237099999"
anantapur,2020-03-07,36.4,26.3,30.8,36,26.3,31.5,17.7,48.2,0,0,0,,0,0,27.4,13,96.4,1010.8,38,6.3,246.4,21.2,9,,2020-03-07T06:32:35,2020-03-07T18:28:51,0.42,Partially cloudy,Partly cloudy throughout the day.,partly-cloudy-day,"remote,43237099999"
anantapur,2020-03-08,35.1,25.7,30.3,38.5,25.7,32.4,21.2,60.3,0.4,100,16.67,rain,0,0,30.6,16.2,111.3,1010.8,38,6.3,219,18.8,8,,2020-03-08T06:31:56,2020-03-08T18:29:01,0.45,"Rain, Partially cloudy",Partly cloudy throughout the day with rain in the morning and afternoon.,rain,"remote,43237099999"
anantapur,2020-03-09,35.4,25.2,30.4,38,25.2,32.2,20.6,57.4,0.1,100,4.17,rain,0,0,25.9,13.7,109.3,1009.6,38.3,6.3,221.3,19.2,7,,2020-03-09T06:31:16,2020-03-09T18:29:11,0.5,"Rain, Partially cloudy",Partly cloudy throughout the day with late afternoon rain.,rain,"remote,43237099999"
anantapur,2020-03-10,36.7,25.4,31.1,39,25.4,32.4,19.2,51,0,0,0,,0,0,27.4,13.7,118,1009.3,39.6,6.3,237.5,20.4,8,,2020-03-10T06:30:36,2020-03-10T18:29:20,0.52,Partially cloudy,Partly cloudy throughout the day.,partly-cloudy-day,"remote,43237099999"
anantapur,2020-03-11,36.6,25.7,31.8,38.1,25.7,32.7,18.1,45.6,0,0,0,,0,0,31,17.3,134.7,1009.7,38.6,6.3,260.7,22.5,9,,2020-03-11T06:29:56,2020-03-11T18:29:29,0.55,Partially cloudy,Partly cloudy throughout the day.,partly-cloudy-day,"remote,43237099999"
anantapur,2020-03-12,37.7,27.4,32.3,38.9,28.2,32.8,16.9,40.4,0,0,0,,0,0,32.8,14.4,18.5,1010.9,39.6,7,253.9,21.9,9,,2020-03-12T06:29:15,2020-03-12T18:29:37,0.59,Partially cloudy,Partly cloudy throughout the day.,partly-cloudy-day,"remote,43237099999"
anantapur,2020-03-13,38,27.1,32.6,37,27.5,32.3,14.8,36.3,0,0,0,,0,0,37.8,21.2,121.4,1010.9,31.1,7,287.7,24.8,10,,2020-03-13T06:28:34,2020-03-13T18:29:46,0.62,Partially cloudy,Partly cloudy throughout the day.,partly-cloudy-day,"remote,43237099999"
anantapur,2020-03-14,37.4,23.7,31.6,37,23.7,31.5,16,42.4,0,0,0,,0,0,38.5,20.2,108.3,1010.2,49.2,7,295,25.8,10,,2020-03-14T06:27:52,2020-03-14T18:29:54,0.65,Partially cloudy,Partly cloudy throughout the day.,partly-cloudy-day,"remote,43237099999"
anantapur,2020-03-15,36.4,25.5,30.7,36.6,25.5,31.1,17.7,48.8,0,0,0,,0,0,38.5,21.6,100,1010.4,31.3,6.3,296,25.7,10,,2020-03-15T06:27:10,2020-03-15T18:30:02,0.69,Partially cloudy,Becoming cloudy in the afternoon.,partly-cloudy-day,"remote,43237099999"
anantapur,2020-03-16,37.2,24.1,30.6,37.1,24.1,30.9,18,51.2,0,0,0,,0,0,35.3,20.5,102,1011.5,40.3,6.3,293.2,25.5,10,,2020-03-16T06:26:29,2020-03-16T18:30:10,0.75,Partially cloudy,Clearing in the afternoon.,partly-cloudy-day,"remote,43237099999"
anantapur,2020-03-17,39.2,25.9,31.9,38,25.9,32.1,16.9,45.7,0,0,0,,0,0,36.4,20.2,107.3,1012.1,18.7,6.3,299.3,26,10,,2020-03-17T06:25:46,2020-03-17T18:30:17,0.76,Clear,Clear conditions throughout the day.,clear-day,"remote,43237099999"
anantapur,2020-03-18,39.2,23.2,32,37.9,23.2,31.5,14.3,37.9,0,0,0,,0,0,31.7,16.9,114,1011.8,22.6,6.3,303.1,26.1,10,,2020-03-18T06:25:04,2020-03-18T18:30:25,0.79,Partially cloudy,Partly cloudy throughout the day.,partly-cloudy-day,"remote,43237099999"
anantapur,2020-03-19,40.7,24.9,32.8,40.2,24.9,32.7,15.1,36.9,0,0,0,,0,0,27.4,15.5,128.8,1010.2,24.1,7,264.2,22.8,9,,2020-03-19T06:24:22,2020-03-19T18:30:32,0.83,Partially cloudy,Partly cloudy throughout the day.,partly-cloudy-day,"remote,43237099999"
anantapur,2020-03-20,38.4,28.6,32.5,39.2,28.8,33,16.6,39.9,0,0,0,,0,0,25.6,12.2,66,1009.8,34.5,7,246.9,21.3,9,,2020-03-20T06:23:39,2020-03-20T18:30:39,0.86,Partially cloudy,Partly cloudy throughout the day.,partly-cloudy-day,"remote,43237099999"
anantapur,2020-03-21,38.9,25,31.9,37.6,25,31.5,14.1,37.8,0,0,0,,0,0,29.9,13.3,334.3,1009.8,2.4,7,304.1,26.4,10,,2020-03-21T06:22:56,2020-03-21T18:30:46,0.89,Clear,Clear conditions throughout the day.,clear-day,"remote,43237099999"
anantapur,2020-03-22,39.7,23.9,32.9,41.4,23.9,33.2,16.2,40.5,0,0,0,,0,0,24.8,13.3,97.2,1009.5,13.5,7,262.8,22.7,9,,2020-03-22T06:22:14,2020-03-22T18:30:53,0.93,Clear,Clear conditions throughout the day.,clear-day,"remote,43237099999"
anantapur,2020-03-23,38.8,26.4,33,39.7,26.4,33.9,17.7,42.6,0,0,0,,0,0,36.4,18,95.4,1009.3,22.6,7,255.9,22.1,9,,2020-03-23T06:21:31,2020-03-23T18:31:00,0.96,Partially cloudy,Partly cloudy throughout the day.,partly-cloudy-day,"remote,43237099999"
anantapur,2020-03-24,38.4,25.4,32.4,39.3,25.4,33.1,17.2,42.6,0,0,0,,0,0,36,19.1,100.7,1008.5,14.1,7,271.5,23.2,9,,2020-03-24T06:20:48,2020-03-24T18:31:07,0,Clear,Clear conditions throughout the day.,clear-day,"remote,43237099999"
anantapur,2020-03-25,38.7,25.2,32.2,38.3,25.2,32.5,16.4,42.7,0,0,0,,0,0,35.6,18.7,104.4,1008.4,24.9,7,296.4,25.7,10,,2020-03-25T06:20:05,2020-03-25T18:31:13,0.03,Partially cloudy,Partly cloudy throughout the day.,partly-cloudy-day,"remote,43237099999"
anantapur,2020-03-26,37.8,22.9,31.8,37.6,22.9,31.8,15.7,40.6,0,0,0,,0,0,41.8,19.8,101.2,1009.3,18.6,7,299.4,26,10,,2020-03-26T06:19:22,2020-03-26T18:31:20,0.06,Clear,Clear conditions throughout the day.,clear-day,"remote,43237099999"
anantapur,2020-03-27,38.6,24.2,31.6,36.9,24.2,31,13.7,38.6,0,0,0,,0,0,35.6,18,104.3,1011.2,34.7,7,310.9,27,10,,2020-03-27T06:18:39,2020-03-27T18:31:27,0.1,Partially cloudy,Partly cloudy throughout the day.,partly-cloudy-day,"remote,43237099999"
anantapur,2020-03-28,39.4,21.1,31.8,37.8,21.1,30.7,11.2,32,0,0,0,,0,0,42.5,20.5,107.8,1010.5,16.4,7,314.6,27.2,10,,2020-03-28T06:17:57,2020-03-28T18:31:33,0.13,Clear,Clear conditions throughout the day.,clear-day,"remote,43237099999"
anantapur,2020-03-29,40.4,22.4,33.1,39.4,22.4,32.2,11.7,28.8,0,0,0,,0,0,40,19.4,112.9,1008.8,1.7,7,311.8,27.1,10,,2020-03-29T06:17:14,2020-03-29T18:31:40,0.17,Clear,Clear conditions throughout the day.,clear-day,"remote,43237099999"
anantapur,2020-03-30,39.6,22.9,32.8,38.5,22.9,32.1,12.5,31.1,0,0,0,,0,0,37.1,19.1,108.1,1009.6,24.2,7,312.2,27.1,10,,2020-03-30T06:16:31,2020-03-30T18:31:46,0.2,Partially cloudy,Partly cloudy throughout the day.,partly-cloudy-day,"remote,43237099999"
anantapur,2020-03-31,39.4,23.7,32.4,38.2,23.7,31.8,13.5,34.8,0,0,0,,0,0,35.6,17.6,108.3,1010.3,5.2,7,314.6,27.3,10,,2020-03-31T06:15:49,2020-03-31T18:31:53,0.23,Clear,Clear conditions throughout the day.,clear-day,"remote,43237099999"
anantapur,2020-04-01,40.2,23.7,33.3,39.6,23.7,32.8,13.5,32.6,0,0,0,,0,0,30.2,15.8,102.7,1009.4,2.4,7,309.5,26.9,10,,2020-04-01T06:15:06,2020-04-01T18:32:00,0.25,Clear,Clear conditions throughout the day.,clear-day,"remote,43237099999"
anantapur,2020-04-02,40.1,26.1,34.2,41.1,26.1,34.3,15.1,33.1,0,0,0,,0,0,35.3,19.4,110.3,1008.2,36.7,7.4,284.6,24.6,10,,2020-04-02T06:14:24,2020-04-02T18:32:07,0.3,Partially cloudy,Partly cloudy throughout the day.,partly-cloudy-day,"remote,43237099999"
anantapur,2020-04-03,40.1,26.2,34.3,40.2,26.2,34.1,14.9,33,0,0,0,,0,0,37.1,21.2,118.5,1008.5,29.4,7.4,304.1,26.1,10,,2020-04-03T06:13:42,2020-04-03T18:32:14,0.34,Partially cloudy,Partly cloudy throughout the day.,partly-cloudy-day,"remote,43237099999"
anantapur,2020-04-04,40.1,24.1,33.5,40.5,24.1,33.6,15.8,37.4,0,0,0,,0,0,34.6,20.2,106.7,1009.4,5.3,8,306.7,26.5,10,,2020-04-04T06:13:01,2020-04-04T18:32:21,0.37,Clear,Clear conditions throughout the day.,clear-day,"remote,43237099999"
anantapur,2020-04-05,40.2,25.2,33.7,43.5,25.2,34.8,17.8,41.1,0,0,0,,0,0,33.8,18.7,115.2,1010.2,25.3,8,273.1,23.4,9,,2020-04-05T06:12:19,2020-04-05T18:32:28,0.4,Partially cloudy,Partly cloudy throughout the day.,partly-cloudy-day,"remote,43237099999"
anantapur,2020-04-06,38.6,26.9,33,43.1,27.9,35,19.3,45.8,0.2,100,8.33,rain,0,0,35.3,14.8,33.5,1010.4,63.2,8,263,22.8,10,,2020-04-06T06:11:38,2020-04-06T18:32:35,0.44,"Rain, Partially cloudy",Partly cloudy throughout the day with late afternoon rain.,rain,"remote,43237099999"
anantapur,2020-04-07,40.1,28,32.1,45.1,29.5,34.2,19.7,49.2,0.4,100,8.33,rain,0,0,31.7,19.8,305.3,1010,83,8,251.6,21.7,9,,2020-04-07T06:10:57,2020-04-07T18:32:42,0.47,"Rain, Partially cloudy",Partly cloudy throughout the day with late afternoon rain.,rain,"remote,43237099999"
anantapur,2020-04-08,36.7,23.7,30,39.6,23.7,32.1,21,61.4,7,100,4.17,rain,0,0,30.2,12.6,265,1010.7,45.4,8.8,248.7,21.4,9,,2020-04-08T06:10:16,2020-04-08T18:32:50,0.5,"Rain, Partially cloudy",Partly cloudy throughout the day with early morning rain.,rain,"remote,43237099999"
anantapur,2020-04-09,38.7,25.2,30.5,40,25.2,31.8,19.1,53.3,0,0,0,,0,0,36.4,21.6,164.3,1010.1,13.4,8.5,272.2,23.6,9,,2020-04-09T06:09:36,2020-04-09T18:32:58,0.54,Clear,Clear conditions throughout the day.,clear-day,"remote,43237099999"
anantapur,2020-04-10,37.4,22.7,30.9,37.8,22.7,31.3,17.4,48.2,0,0,0,,0,0,32,16.2,108.5,1010.8,13.3,8.8,290.7,25,9,,2020-04-10T06:08:56,2020-04-10T18:33:06,0.57,Clear,Clear conditions throughout the day.,clear-day,"remote,43237099999"
anantapur,2020-04-11,38.5,24.7,32.4,38.8,24.7,32.8,17.1,43.8,0,0,0,,0,0,34.6,15.5,105.1,1011.8,18,8.8,299.5,25.9,10,,2020-04-11T06:08:16,2020-04-11T18:33:14,0.61,Clear,Clear conditions throughout the day.,clear-day,"remote,43237099999"
anantapur,2020-04-12,39.6,25.2,33.2,39.2,25.2,33.1,15.1,36.6,0,0,0,,0,0,35.3,18.4,108.9,1011.1,6,8.8,304.3,26.1,10,,2020-04-12T06:07:37,2020-04-12T18:33:22,0.64,Clear,Clear conditions throughout the day.,clear-day,"remote,43237099999"
anantapur,2020-04-13,40.6,24.2,33.6,39.5,24.2,32.9,13.1,32,0,0,0,,0,0,38.2,19.1,113.8,1009.3,9.4,8.8,318.1,27.6,10,,2020-04-13T06:06:58,2020-04-13T18:33:30,0.67,Clear,Clear conditions throughout the day.,clear-day,"remote,43237099999"
anantapur,2020-04-14,40.3,23.4,33.6,39,23.4,32.3,10.4,26.5,0,0,0,,0,0,45.4,22.3,108.1,1009.2,2.3,8.8,319.2,27.6,10,,2020-04-14T06:06:20,2020-04-14T18:33:39,0.71,Clear,Clear conditions throughout the day.,clear-day,"remote,43237099999"
anantapur,2020-04-15,40.4,22.7,33.3,38.8,22.7,32.2,11.2,28.4,0,0,0,,0,0,35.6,19.8,111.5,1010.4,4.2,8.8,318.4,27.6,10,,2020-04-15T06:05:42,2020-04-15T18:33:48,0.75,Clear,Clear conditions throughout the day.,clear-day,"remote,43237099999"
anantapur,2020-04-16,40.1,25,33.8,39.4,25,33.3,13.2,30.3,0,0,0,,0,0,29.9,15.8,120.1,1009,6.7,8.8,308.8,26.7,10,,2020-04-16T06:05:05,2020-04-16T18:33:57,0.77,Clear,Clear conditions throughout the day.,clear-day,"remote,43237099999"
anantapur,2020-04-17,41.4,27.1,34.3,43,27.4,34.5,15,33,0,0,0,,0,0,29.5,17.3,117,1008.2,7.3,8.8,293.1,25.4,10,,2020-04-17T06:04:28,2020-04-17T18:34:06,0.81,Clear,Clear conditions throughout the day.,clear-day,"remote,43237099999"
anantapur,2020-04-18,40.7,27.6,34.7,42.7,28.8,35.1,16.2,35.1,0,0,0,,0,0,30.6,16.9,114.1,1008.6,33.2,8.8,266.6,23,8,,2020-04-18T06:03:51,2020-04-18T18:34:16,0.84,Partially cloudy,Partly cloudy throughout the day.,partly-cloudy-day,"remote,43237099999"
anantapur,2020-04-19,39.1,28.2,33.8,41.2,29.5,34.2,16,36.4,0,0,0,,0,0,37.1,18.7,78.6,1008.7,51.9,8.8,299.2,25.9,10,,2020-04-19T06:03:15,2020-04-19T18:34:26,0.87,Partially cloudy,Partly cloudy throughout the day.,partly-cloudy-day,"remote,43237099999"
anantapur,2020-04-20,39.5,27.6,33.8,39.2,29.6,34.4,16.5,39.7,0,0,0,,0,0,34.6,15.8,107.2,1008.7,13,8.8,308.4,26.5,10,,2020-04-20T06:02:40,2020-04-20T18:34:36,0.91,Clear,Clear conditions throughout the day.,clear-day,"remote,43237099999"
anantapur,2020-04-21,41.1,25,34.1,40.5,25,33.8,14.4,32.6,0,0,0,,0,0,26.6,13,127.9,1008.5,8,8.8,307.3,26.6,10,,2020-04-21T06:02:05,2020-04-21T18:34:47,0.94,Clear,Clear conditions throughout the day.,clear-day,"remote,43237099999"
anantapur,2020-04-22,41.4,26.7,34.8,43,26.7,35.7,16.4,35.4,0,0,0,,0,0,26.6,11.2,224.1,1007.6,45.8,8.8,284.2,24.6,9,,2020-04-22T06:01:31,2020-04-22T18:34:58,0.97,Partially cloudy,Partly cloudy throughout the day.,partly-cloudy-day,"remote,43237099999"
anantapur,2020-04-23,40.6,28.7,35.1,43.7,30.5,37.1,19,41.3,0,0,0,,0,0,29.9,13.3,286.7,1007.4,53.9,8.8,283.3,24.3,9,,2020-04-23T06:00:58,2020-04-23T18:35:09,0,Partially cloudy,Partly cloudy throughout the day.,partly-cloudy-day,"remote,43237099999"
anantapur,2020-04-24,41.1,29.1,34.5,46,31.3,36.6,19.2,42.7,0,0,0,,0,0,30.2,16.6,235.1,1007.4,58.5,8.8,244.3,21.1,9,,2020-04-24T06:00:25,2020-04-24T18:35:20,0.04,Partially cloudy,Partly cloudy throughout the day.,partly-cloudy-day,"remote,43237099999"
anantapur,2020-04-25,39.4,28.4,34.3,41.6,32,36.3,19.2,44.1,5,100,4.17,rain,0,0,37.4,19.1,272.1,1007.4,80.8,8.8,270,23.2,10,,2020-04-25T05:59:53,2020-04-25T18:35:32,0.08,"Rain, Partially cloudy",Partly cloudy throughout the day with early morning rain.,rain,"remote,43237099999"
anantapur,2020-04-26,41.2,28.1,35,40.7,30.3,36,17.2,38.5,0,0,0,,0,0,29.5,14,238.4,1007.5,26.7,8.8,308.4,26.7,10,,2020-04-26T05:59:21,2020-04-26T18:35:44,0.11,Partially cloudy,Partly cloudy throughout the day.,partly-cloudy-day,"remote,43237099999"
anantapur,2020-04-27,40.3,28.7,34.5,40.4,31.2,35,16.2,37.4,0,0,0,,0,0,36,18.7,274.9,1009,16.1,8.8,311.1,26.9,10,,2020-04-27T05:58:50,2020-04-27T18:35:56,0.15,Clear,Clear conditions throughout the day.,clear-day,"remote,43237099999"
anantapur,2020-04-28,39.5,27.6,33.8,41.3,28.8,34.7,17,38.6,0,0,0,,0,0,36.4,21.6,75.4,1008.2,17,8.8,294.3,25.5,10,,2020-04-28T05:58:20,2020-04-28T18:36:08,0.18,Clear,Clear conditions throughout the day.,clear-day,"remote,43237099999"
anantapur,2020-04-29,36.4,22.9,30.6,38.7,22.9,32.2,20.3,57.3,41,100,4.17,rain,0,0,28.8,14,129,1009.6,89.1,8.8,260.4,22.5,8,,2020-04-29T05:57:50,2020-04-29T18:36:21,0.22,"Rain, Partially cloudy",Partly cloudy throughout the day with early morning rain.,rain,"remote,43237099999"
anantapur,2020-04-30,39.1,25.7,33.2,40.5,25.7,34.7,18.8,44.8,0,0,0,,0,0,24.5,9.7,132,1009.1,63.8,8.8,271.2,23.4,8,,2020-04-30T05:57:22,2020-04-30T18:36:34,0.25,Partially cloudy,Partly cloudy throughout the day.,partly-cloudy-day,"remote,43237099999"
anantapur,2020-05-01,40.7,28.2,33.7,42,30.5,35.5,18.7,43.1,0,0,0,,0,0,31.7,13,287.1,1008.8,56,8.8,272.3,23.3,10,,2020-05-01T05:56:53,2020-05-01T18:36:48,0.25,Partially cloudy,Partly cloudy throughout the day.,partly-cloudy-day,"remote,43237099999"
anantapur,2020-05-02,39,26.4,33.5,41.7,26.4,35.9,20.2,47.9,4,100,4.17,rain,0,0,28.4,14.8,267.6,1007.5,42.4,8.8,262,22.7,10,,2020-05-02T05:56:26,2020-05-02T18:37:02,0.32,"Rain, Partially cloudy",Partly cloudy throughout the day with early morning rain.,rain,"remote,43237099999"
anantapur,2020-05-03,39.3,28.1,33.6,41.5,30.3,36.1,20,47.4,0.1,100,4.17,rain,0,0,35.6,19.1,275.9,1007.1,36.2,8.8,268.7,23.2,9,,2020-05-03T05:56:00,2020-05-03T18:37:16,0.35,"Rain, Partially cloudy",Partly cloudy throughout the day with late afternoon rain.,rain,"remote,43237099999"
anantapur,2020-05-04,41.4,28.7,34.7,44,31.3,37,19.4,43.3,0.6,100,4.17,rain,0,0,26.3,16.6,256,1007.8,24.1,8.8,267.4,23.1,9,,2020-05-04T05:55:34,2020-05-04T18:37:30,0.39,"Rain, Partially cloudy",Partly cloudy throughout the day with late afternoon rain.,rain,"remote,43237099999"
anantapur,2020-05-05,41.1,29.7,34.9,44.5,31.9,38.1,20.5,44.4,0,0,0,,0,0,22.3,12.6,266.8,1007.4,32.4,8.8,245.5,21.1,9,,2020-05-05T05:55:09,2020-05-05T18:37:45,0.42,Partially cloudy,Partly cloudy throughout the day.,partly-cloudy-day,"remote,43237099999"
anantapur,2020-05-06,40.9,29.1,34.3,46.3,31.1,37.4,20.5,45.7,0,0,0,,0,0,23.4,10.1,246.2,1007.1,59.8,8.8,258.9,22.3,9,,2020-05-06T05:54:45,2020-05-06T18:38:00,0.46,Partially cloudy,Partly cloudy throughout the day.,partly-cloudy-day,"remote,43237099999"
anantapur,2020-05-07,40.1,27.6,33.4,43.5,30,36.7,21.2,50.4,0.4,100,8.33,rain,0,0,23.8,10.8,266.9,1007.7,82.9,10,259.8,22.5,9,,2020-05-07T05:54:22,2020-05-07T18:38:16,0.5,"Rain, Partially cloudy",Partly cloudy throughout the day with late afternoon rain.,rain,"remote,43237099999"
anantapur,2020-05-08,39.1,26.9,33.3,41.9,29.3,36.1,20.7,50.3,21,100,4.17,rain,0,0,27,12.6,233.3,1008.1,68.2,8.8,277.2,23.9,10,,2020-05-08T05:53:59,2020-05-08T18:38:31,0.53,"Rain, Partially cloudy",Partly cloudy throughout the day with early morning rain.,rain,"remote,43237099999"
anantapur,2020-05-09,40.8,28.4,35,43.8,31.2,37.5,19.6,42.9,0,0,0,,0,0,24.8,11.5,49.8,1007.6,46.4,8.8,289,25.1,9,,2020-05-09T05:53:38,2020-05-09T18:38:47,0.56,Partially cloudy,Partly cloudy throughout the day.,partly-cloudy-day,"remote,43237099999"
anantapur,2020-05-10,39.9,27.4,34.9,39.8,29.2,35.4,15.8,34.9,0,0,0,,0,0,27.7,16.2,111.7,1007.4,55.6,8.8,292.1,25.3,9,,2020-05-10T05:53:17,2020-05-10T18:39:04,0.59,Partially cloudy,Partly cloudy throughout the day.,partly-cloudy-day,"remote,43237099999"
anantapur,2020-05-11,39.7,28.4,34.3,40.8,29.3,35.1,17.1,37.8,0,0,0,,0,0,36.4,16.2,66.5,1008.2,75,8.8,288.6,24.8,10,,2020-05-11T05:52:57,2020-05-11T18:39:20,0.63,Partially cloudy,Partly cloudy throughout the day.,partly-cloudy-day,"remote,43237099999"
anantapur,2020-05-12,39.9,28.2,34.2,40.3,30.3,34.9,16.8,38.4,0,0,0,,0,0,33.5,20.2,102.8,1007.4,74.2,8.8,299.1,26,10,,2020-05-12T05:52:38,2020-05-12T18:39:37,0.66,Partially cloudy,Partly cloudy throughout the day.,partly-cloudy-day,"remote,43237099999"
anantapur,2020-05-13,40.1,27.6,34.5,42.1,30,35.9,18.1,40.6,0,0,0,,0,0,30.6,15.1,119.8,1006.6,81.5,8.8,298.2,25.9,9,,2020-05-13T05:52:20,2020-05-13T18:39:54,0.69,Partially cloudy,Partly cloudy throughout the day.,partly-cloudy-day,"remote,43237099999"
anantapur,2020-05-14,40.2,28.1,35,44.6,29.9,36.5,18,38.3,0,0,0,,0,0,32.8,20.2,100.1,1005.7,41.8,8.8,296,25.6,10,,2020-05-14T05:52:02,2020-05-14T18:40:11,0.75,Partially cloudy,Partly cloudy throughout the day.,partly-cloudy-day,"remote,43237099999"
anantapur,2020-05-15,40.7,27.4,34.6,40.7,29.2,36.2,18.5,41.2,0,0,0,,0,0,34.6,19.4,94.3,1005.2,23.6,10,310.1,26.8,10,,2020-05-15T05:51:46,2020-05-15T18:40:29,0.76,Partially cloudy,Partly cloudy throughout the day.,partly-cloudy-day,"remote,43237099999"
anantapur,2020-05-16,40,29.7,34.3,41.9,31.7,36.1,19,41.8,0.8,100,4.17,rain,0,0,40.7,17.3,54.8,1004.8,78.2,8.8,274.5,23.7,9,,2020-05-16T05:51:31,2020-05-16T18:40:47,0.79,"Rain, Partially cloudy",Partly cloudy throughout the day with late afternoon rain.,rain,"remote,43237099999"
anantapur,2020-05-17,39.7,27.4,33.3,43.2,29.4,36.4,20.9,49.7,2.7,100,16.67,rain,0,0,33.1,17.3,305.2,1004.4,91.3,10,266.3,23.1,9,,2020-05-17T05:51:16,2020-05-17T18:41:05,0.82,"Rain, Overcast",Cloudy skies throughout the day with rain.,rain,"remote,43237099999"
anantapur,2020-05-18,38.7,26.2,32.1,43,26.2,35.2,21.5,56.1,8,100,4.17,rain,0,0,47.2,26.6,278.3,1002.9,92,8.8,247.6,21.5,8,,2020-05-18T05:51:02,2020-05-18T18:41:23,0.85,"Rain, Overcast",Cloudy skies throughout the day with early morning rain.,rain,"remote,43237099999"
anantapur,2020-05-19,38.8,27.1,32.2,40.4,29.7,34.9,20.9,55.2,0,0,0,,0,0,58,27.7,275.7,1002.4,97,8.8,259.6,22.5,10,,2020-05-19T05:50:49,2020-05-19T18:41:41,0.89,Overcast,Cloudy skies throughout the day.,cloudy,"remote,43237099999"
anantapur,2020-05-20,39.8,26.9,33,41.3,29.1,35.3,20.1,51,0,0,0,,0,0,46.4,25.9,272.3,1002.9,97.7,8.8,259.5,22.4,9,,2020-05-20T05:50:38,2020-05-20T18:42:00,0.92,Overcast,Cloudy skies throughout the day.,cloudy,"remote,43237099999"
anantapur,2020-05-21,40.2,27.8,34,42.2,30.2,36.4,19.8,46.6,0,0,0,,0,0,40.7,22.7,270.9,1004.6,59.8,10,275,23.7,10,,2020-05-21T05:50:27,2020-05-21T18:42:18,0.95,Partially cloudy,Partly cloudy throughout the day.,partly-cloudy-day,"remote,43237099999"
anantapur,2020-05-22,40.7,27.6,33.9,42.6,29.2,35.9,19.1,45.7,0,0,0,,0,0,41,23,273.8,1005.2,26.2,8.8,280.9,24.3,10,,2020-05-22T05:50:16,2020-05-22T18:42:37,0,Partially cloudy,Partly cloudy throughout the day.,partly-cloudy-day,"remote,43237099999"
anantapur,2020-05-23,42.5,27.9,35.4,44,30.2,37.3,18.7,41,0,0,0,,0,0,35.6,19.4,270.4,1005.2,42.3,10,267.5,22.9,9,,2020-05-23T05:50:07,2020-05-23T18:42:56,0.02,Partially cloudy,Partly cloudy throughout the day.,partly-cloudy-day,"remote,43237099999"
anantapur,2020-05-24,42.1,29.1,34.9,45.7,32.2,38.4,20.7,47.2,0,0,0,,0,0,37.1,22.3,280.1,1006.1,34.5,8.8,265.2,22.9,9,,2020-05-24T05:49:59,2020-05-24T18:43:15,0.05,Partially cloudy,Partly cloudy throughout the day.,partly-cloudy-day,"remote,43237099999"
anantapur,2020-05-25,41.4,29.1,34.7,47.7,33.1,38.8,21.7,49.4,0.1,100,4.17,rain,0,0,37.4,24.1,261.3,1006.9,41.4,8.8,261.5,22.6,9,,2020-05-25T05:49:52,2020-05-25T18:43:35,0.09,"Rain, Partially cloudy",Partly cloudy throughout the day with late afternoon rain.,rain,"remote,43237099999"
anantapur,2020-05-26,41.4,28.1,34.5,46.9,29.9,38.6,21.8,49.3,0.1,100,4.17,rain,0,0,34.6,25.2,262.3,1006.9,33.2,8.8,275.7,24.1,10,,2020-05-26T05:49:45,2020-05-26T18:43:54,0.13,"Rain, Partially cloudy",Partly cloudy throughout the day with late afternoon rain.,rain,"remote,43237099999"
anantapur,2020-05-27,41.4,28.9,34.2,48.7,32.8,38.8,22.4,52.5,0.2,100,4.17,rain,0,0,36.4,21.2,252.5,1006.3,37.5,8.8,270.1,23.4,9,,2020-05-27T05:49:40,2020-05-27T18:44:13,0.16,"Rain, Partially cloudy",Partly cloudy throughout the day with early morning rain.,rain,"remote,43237099999"
anantapur,2020-05-28,40.7,28.1,34.2,43.1,31.5,36.8,20,47.3,4,100,4.17,rain,0,0,40.7,20.5,267.5,1005.3,39.8,8.8,290,25,9,,2020-05-28T05:49:35,2020-05-28T18:44:32,0.2,"Rain, Partially cloudy",Clearing in the afternoon with early morning rain.,rain,"remote,43237099999"
anantapur,2020-05-29,41.1,28.3,34.4,46,30.9,36.8,19.8,45,0,0,0,,0,0,41.8,22.7,273.9,1005.6,30.9,8.8,285.7,24.7,10,,2020-05-29T05:49:31,2020-05-29T18:44:52,0.23,Partially cloudy,Partly cloudy throughout the day.,partly-cloudy-day,"remote,43237099999"
anantapur,2020-05-30,38.8,25.2,32.4,41,25.2,34.5,20.1,50.9,11,100,4.17,rain,0,0,34.6,19.4,270.6,1006.9,57.9,8.8,198.1,17.1,9,,2020-05-30T05:49:28,2020-05-30T18:45:11,0.25,"Rain, Partially cloudy",Partly cloudy throughout the day with early morning rain.,rain,"remote,43237099999"
anantapur,2020-05-31,38.7,27,31.9,43.2,29.8,35.3,21.7,57.4,13.5,100,20.83,rain,0,0,31,15.8,226.1,1007.5,77.5,8.8,243.3,21,9,,2020-05-31T05:49:26,2020-05-31T18:45:30,0.3,"Rain, Partially cloudy",Partly cloudy throughout the day with late afternoon rain.,rain,"remote,43237099999"
anantapur,2020-06-01,36.4,25.4,29.5,42.2,25.4,33.2,23.5,71.7,11,100,4.17,rain,0,0,29.9,13,252.1,1008.8,81.4,8.8,257,22.4,9,,2020-06-01T05:49:25,2020-06-01T18:45:50,0.34,"Rain, Partially cloudy",Partly cloudy throughout the day with early morning rain.,rain,"remote,43237099999"
anantapur,2020-06-02,36.1,23.9,29.5,41.9,23.9,32.3,22.9,69.4,21,100,4.17,rain,0,0,41.4,21.6,216,1007.9,85.1,8.8,258.5,22.3,9,,2020-06-02T05:49:25,2020-06-02T18:46:09,0.37,"Rain, Partially cloudy",Partly cloudy throughout the day with early morning rain.,rain,"remote,43237099999"
anantapur,2020-06-03,33.4,26.9,29.8,37.3,28.7,32.5,21.6,62.2,0,0,0,,0,0,44.6,24.8,220,1006.8,90.3,8.8,222.8,19.3,9,,2020-06-03T05:49:25,2020-06-03T18:46:28,0.41,Overcast,Cloudy skies throughout the day.,cloudy,"remote,43237099999"
anantapur,2020-06-04,34.7,26.3,30.1,38.8,26.3,32.9,21.8,62.3,0.3,100,4.17,rain,0,0,46.1,24.5,252.2,1007.1,90.5,7.4,239.1,20.8,8,,2020-06-04T05:49:27,2020-06-04T18:46:47,0.45,"Rain, Overcast",Cloudy skies throughout the day with afternoon rain.,rain,"remote,43237099999"
anantapur,2020-06-05,36.7,25.6,30.5,40.5,25.6,32.9,21.5,60.3,0.4,100,4.17,rain,0,0,37.8,20.9,264.7,1007.2,77.5,7,254.3,22.1,9,,2020-06-05T05:49:29,2020-06-05T18:47:06,0.48,"Rain, Partially cloudy",Partly cloudy throughout the day with late afternoon rain.,rain,"remote,43237099999"
anantapur,2020-06-06,36.7,25.9,31,38.6,25.9,33.3,20.9,57.1,0,0,0,,0,0,37.8,18.4,272.4,1006.6,76.2,7,267.3,23.1,8,,2020-06-06T05:49:32,2020-06-06T18:47:24,0.5,Partially cloudy,Partly cloudy throughout the day.,partly-cloudy-day,"remote,43237099999"
anantapur,2020-06-07,36.4,26,30.7,37.9,26,32.8,20.7,57.1,0.2,100,4.17,rain,0,0,43.2,21.6,274.1,1006.5,88.9,7,263.5,22.7,9,,2020-06-07T05:49:35,2020-06-07T18:47:43,0.55,"Rain, Partially cloudy",Partly cloudy throughout the day with late afternoon rain.,rain,"remote,43237099999"
anantapur,2020-06-08,37.1,26.8,31.2,38.1,28.9,33.3,20.4,54.9,0,0,0,,0,0,43.6,22.7,276.6,1006.2,85.2,7,248.2,21.4,9,,2020-06-08T05:49:40,2020-06-08T18:48:01,0.58,Partially cloudy,Partly cloudy throughout the day.,partly-cloudy-day,"remote,43237099999"
anantapur,2020-06-09,36.7,26.2,31.3,39.5,26.2,33.8,20.9,55.8,0.2,100,4.17,rain,0,0,42.8,20.5,278.7,1005.7,76.4,7,257,22.3,9,,2020-06-09T05:49:45,2020-06-09T18:48:19,0.61,"Rain, Partially cloudy",Partly cloudy throughout the day with late afternoon rain.,rain,"remote,43237099999"
anantapur,2020-06-10,36.3,24.2,29.8,39.8,24.2,32.5,22,65,27,100,8.33,rain,0,0,44.3,21.2,273.6,1005,95.4,7,194.8,16.9,7,,2020-06-10T05:49:51,2020-06-10T18:48:36,0.64,"Rain, Overcast",Cloudy skies throughout the day with late afternoon rain.,rain,"remote,43237099999"
anantapur,2020-06-11,30.2,25.2,26.9,33.8,25.2,28.1,22.7,78.2,3.9,100,58.33,rain,0,0,51.1,21.6,268.7,1004.6,99.1,7,102.3,8.8,4,,2020-06-11T05:49:58,2020-06-11T18:48:54,0.68,"Rain, Overcast",Cloudy skies throughout the day with a chance of rain throughout the day.,rain,"remote,43237099999"
anantapur,2020-06-12,31.3,24.6,27.4,34.3,24.6,28.5,20.9,68.8,1.7,100,33.33,rain,0,0,62.3,27.7,255.6,1003.2,97.6,7,127.4,11,5,,2020-06-12T05:50:05,2020-06-12T18:49:11,0.71,"Rain, Overcast",Cloudy skies throughout the day with a chance of rain throughout the day.,rain,"remote,43237099999"
anantapur,2020-06-13,34.9,24.6,29,36.5,24.6,30.5,20.7,62.3,0.1,100,4.17,rain,0,0,52.6,29.5,253.9,1003.1,91.6,7,204.8,17.6,7,,2020-06-13T05:50:13,2020-06-13T18:49:27,0.75,"Rain, Overcast",Cloudy skies throughout the day with afternoon rain.,rain,"remote,43237099999"
anantapur,2020-06-14,35.4,25.2,29.8,38.4,25.2,32.1,21.8,63.6,0.3,100,12.5,rain,0,0,54,28.4,257.9,1004.2,87.5,7,215.5,18.6,8,,2020-06-14T05:50:22,2020-06-14T18:49:44,0.77,"Rain, Partially cloudy",Partly cloudy throughout the day with rain in the morning and afternoon.,rain,"remote,43237099999"
anantapur,2020-06-15,34.2,26,29.8,37.6,26,32.2,21.7,62.7,0.1,100,4.17,rain,0,0,56.5,29.5,254.2,1004.5,93.1,7,187,16.3,6,,2020-06-15T05:50:31,2020-06-15T18:50:00,0.81,"Rain, Overcast",Cloudy skies throughout the day with afternoon rain.,rain,"remote,43237099999"
anantapur,2020-06-16,34.4,26.7,29.7,38.1,26.7,32.4,21.8,63.4,0,0,0,,0,0,56.9,26.6,249.6,1003.7,93.5,7.8,166.1,14.4,6,,2020-06-16T05:50:42,2020-06-16T18:50:15,0.84,Overcast,Cloudy skies throughout the day.,cloudy,"remote,43237099999"
anantapur,2020-06-17,33.9,26.4,29.1,36.4,26.4,31.2,21.3,63.4,0.1,100,4.17,rain,0,0,53.6,29.9,252.5,1004.4,95.4,6.6,129.4,11,5,,2020-06-17T05:50:52,2020-06-17T18:50:30,0.87,"Rain, Overcast",Cloudy skies throughout the day with late afternoon rain.,rain,"remote,43237099999"
anantapur,2020-06-18,35.1,26.2,29.6,38.5,26.2,31.7,21.2,62,0.5,100,4.17,rain,0,0,52.2,27.4,254.8,1006,91.6,7,128.1,10.9,5,,2020-06-18T05:51:03,2020-06-18T18:50:45,0.9,"Rain, Overcast",Cloudy skies throughout the day with morning rain.,rain,"remote,43237099999"
anantapur,2020-06-19,35.1,25.2,29.9,38.7,25.2,32.3,21.6,62.5,0,0,0,,0,0,49.7,25.2,264.6,1006.8,94.7,7,171.4,14.8,7,,2020-06-19T05:51:15,2020-06-19T18:50:59,0.94,Overcast,Cloudy skies throughout the day.,cloudy,"remote,43237099999"
anantapur,2020-06-20,36.4,25.2,30.5,38.9,25.2,32.7,21.3,59.8,0,0,0,,0,0,47.5,24.8,270,1006.5,93.1,7,230.1,19.9,9,,2020-06-20T05:51:28,2020-06-20T18:51:12,0.97,Overcast,Cloudy skies throughout the day.,cloudy,"remote,43237099999"
anantapur,2020-06-21,35.2,26.1,30,37.8,26.1,32.1,21,59.6,1.1,100,4.17,rain,0,0,50.8,27.7,272.5,1005.7,95.4,7,226.1,19.7,8,,2020-06-21T05:51:40,2020-06-21T18:51:25,0,"Rain, Overcast",Cloudy skies throughout the day with late afternoon rain.,rain,"remote,43237099999"
anantapur,2020-06-22,35.1,25.7,29.3,38.3,25.7,31.3,21.3,63.4,1.3,100,20.83,rain,0,0,47.2,26.3,269.8,1004.4,94,7,155.5,13.4,6,,2020-06-22T05:51:54,2020-06-22T18:51:38,0.04,"Rain, Overcast",Cloudy skies throughout the day with rain.,rain,"remote,43237099999"
anantapur,2020-06-23,36.4,25.4,30.5,38.3,25.4,32,20.5,57.7,0.3,100,4.17,rain,0,0,45.4,20.5,270.3,1005.5,68.7,7,262.4,23,9,,2020-06-23T05:52:08,2020-06-23T18:51:49,0.07,"Rain, Partially cloudy",Partly cloudy throughout the day with early morning rain.,rain,"remote,43237099999"
anantapur,2020-06-24,37.7,25.2,30.8,40,25.2,32.7,20.7,57.7,10,100,4.17,rain,0,0,33.1,16.2,270.1,1005.7,56,7,252.1,21.9,9,,2020-06-24T05:52:22,2020-06-24T18:52:01,0.11,"Rain, Partially cloudy",Becoming cloudy in the afternoon with late afternoon rain.,rain,"remote,43237099999"
anantapur,2020-06-25,35.9,25,29.5,41.6,25,32.3,22.9,69.6,10.2,100,29.17,rain,0,0,20.5,8.3,241.2,1004.8,72.7,7,249.5,21.7,9,,2020-06-25T05:52:36,2020-06-25T18:52:11,0.14,"Rain, Partially cloudy",Partly cloudy throughout the day with rain.,rain,"remote,43237099999"
anantapur,2020-06-26,36.4,25.5,29.7,40.8,25.5,32.6,23.1,69.3,8.1,100,29.17,rain,0,0,20.5,10.1,246.9,1004.5,72.2,7,242.1,20.9,9,,2020-06-26T05:52:51,2020-06-26T18:52:21,0.18,"Rain, Partially cloudy",Partly cloudy throughout the day with rain.,rain,"remote,43237099999"
anantapur,2020-06-27,34.9,26.5,29.8,39.1,26.5,33.3,23.2,69.3,4.3,100,29.17,rain,0,0,31,13.3,242,1004.7,92.3,7,238.8,20.6,7,,2020-06-27T05:53:07,2020-06-27T18:52:30,0.22,"Rain, Overcast",Cloudy skies throughout the day with rain.,rain,"remote,43237099999"
anantapur,2020-06-28,35.1,25,28.7,39.7,25,31.7,23.5,75.1,7,100,4.17,rain,0,0,28.4,16.2,274.7,1005.2,88.6,7,206.4,17.9,7,,2020-06-28T05:53:23,2020-06-28T18:52:39,0.25,"Rain, Partially cloudy",Partly cloudy throughout the day with afternoon rain.,rain,"remote,43237099999"
anantapur,2020-06-29,32.7,25,28.6,37.9,25,31.7,23.7,75.4,4,100,4.17,rain,0,0,27.4,11.5,267.3,1004.4,98.9,7,182,15.8,7,,2020-06-29T05:53:39,2020-06-29T18:52:46,0.29,"Rain, Overcast",Cloudy skies throughout the day with early morning rain.,rain,"remote,43237099999"
anantapur,2020-06-30,33.7,24.4,29.1,38.5,24.4,31.8,23.1,72.1,9,100,4.17,rain,0,0,37.4,18.4,255.5,1004.2,87.7,7,224.4,19.3,8,,2020-06-30T05:53:55,2020-06-30T18:52:54,0.32,"Rain, Partially cloudy",Partly cloudy throughout the day with early morning rain.,rain,"remote,43237099999"
anantapur,2020-07-01,34.2,25.1,29.1,38.3,25.1,31.7,22.1,67.2,0.6,100,8.33,rain,0,0,36.4,18.7,258.9,1004.9,93.6,7,153.8,13.3,6,,2020-07-01T05:54:12,2020-07-01T18:53:00,0.36,"Rain, Overcast",Cloudy skies throughout the day with rain.,rain,"remote,43237099999"
anantapur,2020-07-02,33.9,25.4,28.2,36.8,25.4,30.4,22.3,71.2,0.5,100,4.17,rain,0,0,47.9,23,265.1,1004.7,95.6,7,157.2,13.6,7,,2020-07-02T05:54:29,2020-07-02T18:53:05,0.39,"Rain, Overcast",Cloudy skies throughout the day with afternoon rain.,rain,"remote,43237099999"
anantapur,2020-07-03,32.7,24.7,28.1,35.4,24.7,29.7,21.7,69.4,1.8,100,33.33,rain,0,0,54.7,35.3,263.3,1004.5,94.5,7,152.5,13.3,6,,2020-07-03T05:54:46,2020-07-03T18:53:10,0.43,"Rain, Overcast",Cloudy skies throughout the day with a chance of rain throughout the day.,rain,"remote,43237099999"
anantapur,2020-07-04,33.4,25,27.9,35.4,25,29.4,21.5,69,3.5,100,33.33,rain,0,0,52.2,29.5,251,1004,99.1,7,97.5,8.4,4,,2020-07-04T05:55:03,2020-07-04T18:53:14,0.47,"Rain, Overcast",Cloudy skies throughout the day with rain.,rain,"remote,43237099999"
anantapur,2020-07-05,34.1,24.7,28.5,37.1,24.7,30.6,22,68.8,0.8,100,16.67,rain,0,0,58,25.6,255.7,1003.5,96.9,7,174.6,15.2,6,,2020-07-05T05:55:20,2020-07-05T18:53:17,0.5,"Rain, Overcast",Cloudy skies throughout the day with rain.,rain,"remote,43237099999"
anantapur,2020-07-06,34.7,25.8,28.8,37.1,25.8,30.7,21.7,66.7,0.2,100,8.33,rain,0,0,52.2,24.5,256.7,1003.8,95.8,7,155.6,13.2,5,,2020-07-06T05:55:38,2020-07-06T18:53:19,0.53,"Rain, Overcast",Cloudy skies throughout the day with rain.,rain,"remote,43237099999"
anantapur,2020-07-07,35.1,25.3,29,38,25.3,31.1,21.6,65.3,0.6,100,12.5,rain,0,0,54.4,24.5,247.8,1005.5,81.7,7,207.3,17.9,8,,2020-07-07T05:55:56,2020-07-07T18:53:21,0.57,"Rain, Partially cloudy",Partly cloudy throughout the day with rain.,rain,"remote,43237099999"
anantapur,2020-07-08,35.7,25.1,28.8,40.2,25.1,30.9,22.1,68.4,4.1,100,25,rain,0,0,40.7,21.6,257.4,1006.7,80.7,7,169,14.5,6,,2020-07-08T05:56:14,2020-07-08T18:53:21,0.6,"Rain, Partially cloudy",Partly cloudy throughout the day with rain.,rain,"remote,43237099999"
anantapur,2020-07-09,31.5,24.1,27,37.1,24.1,28.7,22.9,79.1,32,100,16.67,rain,0,0,41.8,18.7,261.7,1006.7,90.1,7,154.2,13.5,6,,2020-07-09T05:56:31,2020-07-09T18:53:21,0.63,"Rain, Overcast",Cloudy skies throughout the day with rain clearing later.,rain,"remote,43237099999"
anantapur,2020-07-10,32.7,24.7,27.3,36.9,24.7,29.3,22.7,76.2,1.7,100,33.33,rain,0,0,39.6,17.3,253.4,1006.9,91.2,7,109.4,9.2,4,,2020-07-10T05:56:49,2020-07-10T18:53:20,0.66,"Rain, Overcast",Cloudy skies throughout the day with a chance of rain throughout the day.,rain,"remote,43237099999"
anantapur,2020-07-11,33.1,24.4,28.1,37.2,24.4,30.3,22.8,74.1,0.6,100,12.5,rain,0,0,38.9,16.2,262.4,1006.4,85,7,186.3,16,6,,2020-07-11T05:57:07,2020-07-11T18:53:18,0.7,"Rain, Partially cloudy",Partly cloudy throughout the day with rain.,rain,"remote,43237099999"
anantapur,2020-07-12,34.4,25.2,28.5,37.6,25.2,30.8,22.3,70.2,1.8,100,20.83,rain,0,0,34.9,20.5,259.1,1005.9,86.8,7,198.1,17.1,7,,2020-07-12T05:57:25,2020-07-12T18:53:15,0.73,"Rain, Partially cloudy",Partly cloudy throughout the day with rain.,rain,"remote,43237099999"
anantapur,2020-07-13,33.4,24.9,28.6,36.2,24.9,30.7,21.9,67.8,1.5,100,29.17,rain,0,0,37.8,18.4,271.7,1005,97,6.3,180.4,15.6,7,,2020-07-13T05:57:43,2020-07-13T18:53:11,0.75,"Rain, Overcast",Cloudy skies throughout the day with rain.,rain,"remote,43237099999"
anantapur,2020-07-14,32.4,24.9,27.5,35.6,24.9,28.8,22.3,74,4,100,4.17,rain,0,0,40.7,21.6,262.7,1005.1,98.7,7,108.8,9.3,4,,2020-07-14T05:58:01,2020-07-14T18:53:06,0.79,"Rain, Overcast",Cloudy skies throughout the day with late afternoon rain.,rain,"remote,43237099999"
anantapur,2020-07-15,29.9,23.7,25.5,33.4,23.7,25.9,22.9,85.9,1,100,4.17,rain,0,0,36.7,16.9,253.5,1004.3,100,7,61.3,5.5,2,,2020-07-15T05:58:19,2020-07-15T18:53:00,0.82,"Rain, Overcast",Cloudy skies throughout the day with afternoon rain.,rain,"remote,43237099999"
anantapur,2020-07-16,29.2,23.8,25.4,32.7,23.8,26,22.8,86,4.3,100,8.33,rain,0,0,43.2,19.8,249.3,1003.6,99,7.4,117.8,10.3,6,,2020-07-16T05:58:37,2020-07-16T18:52:53,0.86,"Rain, Overcast",Cloudy skies throughout the day with rain clearing later.,rain,"remote,43237099999"
anantapur,2020-07-17,32.7,24.3,27,36.6,24.3,28.5,22.5,77.2,3,100,8.33,rain,0,0,48.6,23,247.5,1004,92.3,7.4,145.7,12.6,6,,2020-07-17T05:58:54,2020-07-17T18:52:46,0.89,"Rain, Overcast",Cloudy skies throughout the day with rain.,rain,"remote,43237099999"
anantapur,2020-07-18,34.4,24.3,27.6,39.1,24.3,29.5,22.9,76.7,27,100,4.17,rain,0,0,36,18,251.7,1005.6,95.3,7,143.1,12.3,5,,2020-07-18T05:59:12,2020-07-18T18:52:37,0.92,"Rain, Overcast",Cloudy skies throughout the day with late afternoon rain.,rain,"remote,43237099999"
anantapur,2020-07-19,32.7,24.2,27.3,38.4,24.2,29.7,23.7,81.5,21,100,8.33,rain,0,0,25.9,14.8,269.8,1006.4,81.8,7.8,174.1,15.1,8,,2020-07-19T05:59:29,2020-07-19T18:52:27,0.95,"Rain, Partially cloudy",Partly cloudy throughout the day with early morning rain.,rain,"remote,43237099999"
anantapur,2020-07-20,33.4,24,27.7,38.6,24,30,23.5,78.8,8,100,12.5,rain,0,0,27.4,11.9,233.4,1005.5,89.9,7,215.4,18.6,7,,2020-07-20T05:59:46,2020-07-20T18:52:17,0,"Rain, Partially cloudy",Partly cloudy throughout the day with rain.,rain,"remote,43237099999"
anantapur,2020-07-21,34.2,24.1,28.6,40.7,24.1,31.7,23.8,76.9,11,100,4.17,rain,0,0,25.6,10.8,192.2,1005.9,83.9,7,244.4,21.1,8,,2020-07-21T06:00:03,2020-07-21T18:52:06,0.02,"Rain, Partially cloudy",Partly cloudy throughout the day with early morning rain.,rain,"remote,43237099999"
anantapur,2020-07-22,34.7,24.9,29.6,42.2,24.9,33.6,23.9,72.5,4.3,100,16.67,rain,0,0,21.2,11.2,218.2,1006.1,87.3,7,261.3,22.5,8,,2020-07-22T06:00:20,2020-07-22T18:51:53,0.06,"Rain, Partially cloudy",Partly cloudy throughout the day with rain.,rain,"remote,43237099999"
anantapur,2020-07-23,31.4,23.7,27.5,36.3,23.7,29.6,23.4,78.9,3.8,100,20.83,rain,0,0,17.3,9.4,287.2,1006.4,94.2,7,135.4,11.8,5,,2020-07-23T06:00:37,2020-07-23T18:51:40,0.09,"Rain, Overcast",Cloudy skies throughout the day with rain.,rain,"remote,43237099999"
anantapur,2020-07-24,34.1,23.9,27.6,39.5,23.9,30,23,77.1,0.7,100,4.17,rain,0,0,24.1,15.8,235.6,1006.8,93.6,7,169.8,14.7,6,,2020-07-24T06:00:53,2020-07-24T18:51:26,0.13,"Rain, Overcast",Cloudy skies throughout the day with late afternoon rain.,rain,"remote,43237099999"
anantapur,2020-07-25,31.6,23.4,27,36.5,23.4,28.6,23.1,80.4,11.3,100,4.17,rain,0,0,31,9.7,256.6,1008.3,94.5,7,208.3,18.1,7,,2020-07-25T06:01:09,2020-07-25T18:51:10,0.16,"Rain, Overcast",Cloudy skies throughout the day with early morning rain.,rain,"remote,43237099999"
anantapur,2020-07-26,31.9,24.1,27.8,36.4,24.1,29.7,22.3,73,3,100,4.17,rain,0,0,33.5,17.6,256.7,1009.2,87.9,7,193.9,16.7,6,,2020-07-26T06:01:25,2020-07-26T18:50:54,0.2,"Rain, Partially cloudy",Partly cloudy throughout the day with early morning rain.,rain,"remote,43237099999"
anantapur,2020-07-27,32.5,23.9,28.1,36.5,23.9,29.9,22.1,71,0.1,100,4.17,rain,0,0,37.8,19.1,268.9,1008.6,85,7.8,212.9,18.3,8,,2020-07-27T06:01:41,2020-07-27T18:50:37,0.25,"Rain, Partially cloudy",Partly cloudy throughout the day with afternoon rain.,rain,"remote,43237099999"
anantapur,2020-07-28,32.7,24.1,28,38.7,24.1,30.3,22.9,74.5,2.2,100,25,rain,0,0,37.4,19.1,278.6,1006.5,92.9,7,207.1,17.9,8,,2020-07-28T06:01:56,2020-07-28T18:50:19,0.27,"Rain, Overcast",Cloudy skies throughout the day with rain.,rain,"remote,43237099999"
anantapur,2020-07-29,31.9,23.9,27.2,38.1,23.9,29.1,23.4,80.4,11,100,4.17,rain,0,0,30.2,15.8,268.4,1005.2,94.3,7,140.3,12.2,6,,2020-07-29T06:02:11,2020-07-29T18:50:00,0.31,"Rain, Overcast",Cloudy skies throughout the day with early morning rain.,rain,"remote,43237099999"
anantapur,2020-07-30,33.9,23.4,28,39.8,23.4,30.6,23.3,76.7,1.3,100,33.33,rain,0,0,27.7,14,243.9,1005.1,84.9,7,206,17.9,7,,2020-07-30T06:02:26,2020-07-30T18:49:40,0.34,"Rain, Partially cloudy",Partly cloudy throughout the day with a chance of rain throughout the day.,rain,"remote,43237099999"
anantapur,2020-07-31,34.9,25,28.2,45,25,30.8,23.8,77.8,4.2,100,8.33,rain,0,0,34.9,24.1,248,1004.9,93.7,7,239.3,20.8,8,,2020-07-31T06:02:40,2020-07-31T18:49:20,0.38,"Rain, Overcast",Cloudy skies throughout the day with rain.,rain,"remote,43237099999"
anantapur,2020-08-01,33.7,24.4,27.9,44.2,24.4,30.6,23.4,77.1,6,100,8.33,rain,0,0,37.4,19.8,258.2,1005.3,83.9,7,203.5,17.6,7,,2020-08-01T06:02:55,2020-08-01T18:48:58,0.41,"Rain, Partially cloudy",Partly cloudy throughout the day with rain.,rain,"remote,43237099999"
anantapur,2020-08-02,32.4,24.1,27.6,37.1,24.1,29.4,22.7,75.7,6,100,4.17,rain,0,0,47.9,23.8,249.4,1005.2,92.1,7,175.1,15,7,,2020-08-02T06:03:08,2020-08-02T18:48:35,0.45,"Rain, Overcast",Cloudy skies throughout the day with early morning rain.,rain,"remote,43237099999"
anantapur,2020-08-03,32.9,24.8,27.4,44.8,24.8,29.8,23.4,79.1,0.2,100,4.17,rain,0,0,58.3,33.5,262.1,1003.9,96.2,7,138.7,12.1,5,,2020-08-03T06:03:22,2020-08-03T18:48:12,0.5,"Rain, Overcast",Cloudy skies throughout the day with late afternoon rain.,rain,"remote,43237099999"
anantapur,2020-08-04,29.3,24.1,26,35.9,24.1,27,22.6,81.4,1,100,4.17,rain,0,0,54,30.6,257.8,1002,99.6,7,87.1,7.3,4,,2020-08-04T06:03:35,2020-08-04T18:47:48,0.52,"Rain, Overcast",Cloudy skies throughout the day with late afternoon rain.,rain,"remote,43237099999"
anantapur,2020-08-05,29.1,24.4,26.1,35.3,24.4,27.2,22.6,81.1,0.3,100,4.17,rain,0,0,72,30.2,251.8,999.7,99.6,7,115.1,10,5,,2020-08-05T06:03:48,2020-08-05T18:47:23,0.55,"Rain, Overcast",Cloudy skies throughout the day with morning rain.,rain,"remote,43237099999"
anantapur,2020-08-06,32.4,24.9,27.9,44.8,24.9,31.2,23.6,77.6,0.5,100,8.33,rain,0,0,74.2,33.5,249.5,1001.2,87.1,7,183.9,15.8,7,,2020-08-06T06:04:01,2020-08-06T18:46:57,0.58,"Rain, Partially cloudy",Partly cloudy throughout the day with rain.,rain,"remote,43237099999"
anantapur,2020-08-07,31.4,25.2,28.1,42.7,25.2,31.5,23.8,77.8,0.1,100,4.17,rain,0,0,53.6,26.6,255.3,1005,92.9,7,141.4,12.1,5,,2020-08-07T06:04:13,2020-08-07T18:46:30,0.62,"Rain, Overcast",Cloudy skies throughout the day with afternoon rain.,rain,"remote,43237099999"
anantapur,2020-08-08,33.4,25.4,28,37,25.4,30.1,23,75.2,1,100,4.17,rain,0,0,52.2,29.5,259.6,1006.3,97.8,7,179.8,15.5,6,,2020-08-08T06:04:25,2020-08-08T18:46:02,0.65,"Rain, Overcast",Cloudy skies throughout the day with late afternoon rain.,rain,"remote,43237099999"
anantapur,2020-08-09,31.1,24.4,27,41.3,24.4,29,23.4,80.9,8,100,8.33,rain,0,0,45.7,23,258.6,1005.5,99.9,7,156.1,13.5,6,,2020-08-09T06:04:36,2020-08-09T18:45:34,0.68,"Rain, Overcast",Cloudy skies throughout the day with late afternoon rain.,rain,"remote,43237099999"
anantapur,2020-08-10,31.9,23.8,26.1,43.2,23.8,27.9,23.4,85.1,10.8,100,62.5,rain,0,0,45.7,22.3,254.7,1006.2,98,7,107.5,9.3,4,,2020-08-10T06:04:47,2020-08-10T18:45:04,0.71,"Rain, Overcast",Cloudy skies throughout the day with a chance of rain throughout the day.,rain,"remote,43237099999"
anantapur,2020-08-11,32.7,24.1,27.4,47,24.1,29.5,22.9,77.3,0.4,100,16.67,rain,0,0,53.3,24.8,268.7,1007,85.7,7,211,18.2,8,,2020-08-11T06:04:58,2020-08-11T18:44:34,0.75,"Rain, Partially cloudy",Partly cloudy throughout the day with a chance of rain throughout the day.,rain,"remote,43237099999"
anantapur,2020-08-12,31.2,24.4,27.4,34.4,24.4,28.9,22.3,74.7,0.4,100,12.5,rain,0,0,51.1,29.2,263.9,1008.1,98.9,7,118.9,10.3,5,,2020-08-12T06:05:08,2020-08-12T18:44:03,0.78,"Rain, Overcast",Cloudy skies throughout the day with early morning rain.,rain,"remote,43237099999"
anantapur,2020-08-13,30.1,23.4,26.6,32.9,23.4,27.9,22.3,77.5,0.6,100,4.17,rain,0,0,52.6,27,269.5,1006.8,98.8,7,115.5,10,4,,2020-08-13T06:05:19,2020-08-13T18:43:32,0.81,"Rain, Overcast",Cloudy skies throughout the day with afternoon rain.,rain,"remote,43237099999"
anantapur,2020-08-14,31.1,23.4,26.8,33.5,23.4,27.9,21.3,72.9,0,0,0,,0,0,48.6,26.3,257,1005.2,97.6,7,132.4,11.3,5,,2020-08-14T06:05:28,2020-08-14T18:43:00,0.84,Overcast,Cloudy skies throughout the day.,cloudy,"remote,43237099999"
anantapur,2020-08-15,30.4,24.1,26.3,31.9,24.1,27,21.3,74.7,0.9,100,20.83,rain,0,0,50.8,27,253.1,1005.3,98.7,7,109.6,9.4,5,,2020-08-15T06:05:38,2020-08-15T18:42:26,0.88,"Rain, Overcast",Cloudy skies throughout the day with rain.,rain,"remote,43237099999"
anantapur,2020-08-16,27.1,23.7,24.9,29.6,23.7,25,22.1,84.3,3.5,100,12.5,rain,0,0,53.3,22.3,251.8,1006.3,99.9,7,85.5,7.5,5,,2020-08-16T06:05:47,2020-08-16T18:41:53,0.91,"Rain, Overcast",Cloudy skies throughout the day with rain.,rain,"remote,43237099999"
anantapur,2020-08-17,29.9,23.4,26.1,33,23.4,27.2,22.1,79.3,0.7,100,25,rain,0,0,53.3,23.8,257.2,1005.5,92.1,7,120,10.3,5,,2020-08-17T06:05:55,2020-08-17T18:41:18,0.94,"Rain, Overcast",Cloudy skies throughout the day with rain.,rain,"remote,43237099999"
anantapur,2020-08-18,31.5,24.1,27.4,35.9,24.1,29,22.2,74,0.3,100,4.17,rain,0,0,47.9,25.2,269.8,1006.3,91.4,7,160.5,13.9,5,,2020-08-18T06:06:04,2020-08-18T18:40:43,0.97,"Rain, Overcast",Cloudy skies throughout the day with afternoon rain.,rain,"remote,43237099999"
anantapur,2020-08-19,31.1,24.1,27.1,34.6,24.1,28.6,22.1,75,1,100,4.17,rain,0,0,44.6,23,267.1,1005.5,97.8,7,134.3,11.7,5,,2020-08-19T06:06:12,2020-08-19T18:40:07,0,"Rain, Overcast",Cloudy skies throughout the day with late afternoon rain.,rain,"remote,43237099999"
anantapur,2020-08-20,30.2,24.1,26.6,33.4,24.1,27.8,22,76.4,0.5,100,20.83,rain,0,0,47.2,25.2,260.4,1005.2,99.6,7,101,8.7,3,,2020-08-20T06:06:20,2020-08-20T18:39:31,0.04,"Rain, Overcast",Cloudy skies throughout the day with rain.,rain,"remote,43237099999"
anantapur,2020-08-21,33.4,24.1,27.6,36.4,24.1,29.2,22.3,73.8,0.6,100,12.5,rain,0,0,46.1,25.6,256.4,1006.9,94.8,7,169.1,14.4,6,,2020-08-21T06:06:27,2020-08-21T18:38:54,0.08,"Rain, Overcast",Cloudy skies throughout the day with rain.,rain,"remote,43237099999"
anantapur,2020-08-22,34.1,24.7,28.1,38,24.7,30.2,22.7,73.7,0.3,100,8.33,rain,0,0,41,22,249.9,1008,96.2,7,174,15,6,,2020-08-22T06:06:34,2020-08-22T18:38:16,0.11,"Rain, Overcast",Cloudy skies throughout the day with afternoon rain.,rain,"remote,43237099999"
anantapur,2020-08-23,34.4,24.7,28.4,37.2,24.7,30.3,22.3,70.8,0,0,0,,0,0,39.2,18.4,259.6,1007.9,95.6,7,174.9,15.1,6,,2020-08-23T06:06:41,2020-08-23T18:37:38,0.15,Overcast,Cloudy skies throughout the day.,cloudy,"remote,43237099999"
anantapur,2020-08-24,34.1,24.4,28.3,37.1,24.4,30.3,22.1,70.2,0,0,0,,0,0,36.4,16.9,253,1008.2,95.2,7,190.9,16.5,8,,2020-08-24T06:06:48,2020-08-24T18:37:00,0.18,Overcast,Cloudy skies throughout the day.,cloudy,"remote,43237099999"
anantapur,2020-08-25,35.2,24.3,28.6,37.7,24.3,30.1,21.4,66.8,0,0,0,,0,0,34.2,16.9,273.7,1009.3,86,7.4,220.3,18.9,8,,2020-08-25T06:06:54,2020-08-25T18:36:20,0.25,Partially cloudy,Partly cloudy throughout the day.,partly-cloudy-day,"remote,43237099999"
anantapur,2020-08-26,33.4,24.9,28.4,35.6,24.9,30,21.4,67.2,0.2,100,8.33,rain,0,0,27.7,15.8,281.2,1009.3,92.1,7,213,18.4,8,,2020-08-26T06:07:00,2020-08-26T18:35:41,0.25,"Rain, Overcast",Cloudy skies throughout the day with rain clearing later.,rain,"remote,43237099999"
anantapur,2020-08-27,33.9,24.2,28.2,35.5,24.2,29.6,21.2,67,0,0,0,,0,0,35.6,18,269.8,1008,95.8,7,221.9,19.1,8,,2020-08-27T06:07:05,2020-08-27T18:35:00,0.29,Overcast,Cloudy skies throughout the day.,cloudy,"remote,43237099999"
anantapur,2020-08-28,35.1,24.4,28.7,36.1,24.4,30,20.9,64.2,0,0,0,,0,0,37.1,19.4,261.2,1007.1,95.4,7,175.4,15.2,6,,2020-08-28T06:07:11,2020-08-28T18:34:20,0.32,Overcast,Cloudy skies throughout the day.,cloudy,"remote,43237099999"
anantapur,2020-08-29,35.1,24.2,29.1,37.8,24.2,31,21.5,65.2,0.1,100,4.17,rain,0,0,37.1,19.8,261.4,1007,90.8,7,235.1,20.2,8,,2020-08-29T06:07:16,2020-08-29T18:33:38,0.36,"Rain, Overcast",Cloudy skies throughout the day with afternoon rain.,rain,"remote,43237099999"
anantapur,2020-08-30,36.7,24.4,29.5,39,24.4,31.7,21.5,64.1,0.1,100,4.17,rain,0,0,36.7,19.8,269.7,1007.5,57.5,7,234.3,20.2,8,,2020-08-30T06:07:21,2020-08-30T18:32:57,0.4,"Rain, Partially cloudy",Partly cloudy throughout the day with late afternoon rain.,rain,"remote,43237099999"
anantapur,2020-08-31,35.1,24.2,29.3,37.5,24.2,31.1,21.5,64.8,0.9,100,12.5,rain,0,0,27,14,281.2,1008.5,81.1,7,209.5,18.1,7,,2020-08-31T06:07:26,2020-08-31T18:32:15,0.43,"Rain, Partially cloudy",Partly cloudy throughout the day with rain.,rain,"remote,43237099999"
anantapur,2020-09-01,33.9,24.2,28.1,37.5,24.2,30.2,22.6,73.3,8,100,12.5,rain,0,0,33.5,16.6,296.9,1008.6,96.6,7,224.5,19.3,8,,2020-09-01T06:07:30,2020-09-01T18:31:32,0.47,"Rain, Overcast",Cloudy skies throughout the day with rain.,rain,"remote,43237099999"
anantapur,2020-09-02,32.1,23.2,27,38,23.2,29,23,79.6,16,100,12.5,rain,0,0,31.7,13.7,328.3,1007.7,97.1,7,183.2,15.8,6,,2020-09-02T06:07:35,2020-09-02T18:30:49,0.5,"Rain, Overcast",Cloudy skies throughout the day with rain.,rain,"remote,43237099999"
anantapur,2020-09-03,32.2,23.1,27.4,37.2,23.1,29.3,22.9,78.2,0.6,100,4.17,rain,0,0,22.7,10.4,87.9,1007.4,69.4,7,225.1,19.4,8,,2020-09-03T06:07:39,2020-09-03T18:30:06,0.53,"Rain, Partially cloudy",Partly cloudy throughout the day with late afternoon rain.,rain,"remote,43237099999"
anantapur,2020-09-04,33.2,24.1,28.6,37.7,24.1,31.4,23.4,75.3,7.4,100,4.17,rain,0,0,30.6,14,100.5,1007.2,51.4,7,232.2,20,8,,2020-09-04T06:07:43,2020-09-04T18:29:23,0.57,"Rain, Partially cloudy",Partly cloudy throughout the day with early morning rain.,rain,"remote,43237099999"
anantapur,2020-09-05,33.4,25,29.5,37.6,25,33,23.2,70,0.5,100,20.83,rain,0,0,26.3,9.7,87.3,1006.4,40,7,236.9,20.5,8,,2020-09-05T06:07:47,2020-09-05T18:28:39,0.6,"Rain, Partially cloudy",Partly cloudy throughout the day with a chance of rain throughout the day.,rain,"remote,43237099999"
anantapur,2020-09-06,35.5,24.9,30.3,44.6,24.9,34.1,23.1,66.8,0.7,100,12.5,rain,0,0,25.6,10.4,108.8,1005.5,45.5,7,271.5,23.4,9,,2020-09-06T06:07:50,2020-09-06T18:27:55,0.63,"Rain, Partially cloudy",Partly cloudy throughout the day with late afternoon rain.,rain,"remote,43237099999"
anantapur,2020-09-07,33.6,24.2,28.8,39.5,24.2,31.9,23.4,73.4,0.1,100,4.17,rain,0,0,23,9.4,230.4,1006.6,60.8,7,252.9,21.8,8,,2020-09-07T06:07:54,2020-09-07T18:27:10,0.67,"Rain, Partially cloudy",Partly cloudy throughout the day with afternoon rain.,rain,"remote,43237099999"
anantapur,2020-09-08,34.7,24.4,28.2,41.9,24.4,30.8,23.7,78.1,1,100,4.17,rain,0,0,24.5,11.9,280.9,1007.3,54.3,7,228,19.7,8,,2020-09-08T06:07:57,2020-09-08T18:26:26,0.7,"Rain, Partially cloudy",Partly cloudy throughout the day with afternoon rain.,rain,"remote,43237099999"
anantapur,2020-09-09,33.4,24.2,28.1,39,24.2,30.7,23.6,77.8,17.1,100,8.33,rain,0,0,20.2,9,242.3,1006.4,78.4,7,232.8,20,9,,2020-09-09T06:08:01,2020-09-09T18:25:41,0.73,"Rain, Partially cloudy",Partly cloudy throughout the day with rain in the morning and afternoon.,rain,"remote,43237099999"
anantapur,2020-09-10,33.4,24.1,27.9,37.6,24.1,29.7,23.1,76.3,6.7,100,33.33,rain,0,0,29.9,12.2,250.2,1004.9,87.3,7,201.2,17.2,8,,2020-09-10T06:08:04,2020-09-10T18:24:56,0.75,"Rain, Partially cloudy",Partly cloudy throughout the day with rain.,rain,"remote,43237099999"
anantapur,2020-09-11,32.4,23.1,27.1,36.4,23.1,28.5,22.6,77.8,5,100,4.17,rain,0,0,32.4,15.5,237,1005.1,94.5,7,173.3,14.9,6,,2020-09-11T06:08:07,2020-09-11T18:24:10,0.8,"Rain, Overcast",Cloudy skies throughout the day with early morning rain.,rain,"remote,43237099999"
anantapur,2020-09-12,30.1,23.7,26.3,33.1,23.7,27.6,22.8,81.6,19,100,12.5,rain,0,0,38.5,20.2,250.1,1007.5,98.6,7,136.7,11.8,5,,2020-09-12T06:08:10,2020-09-12T18:23:25,0.83,"Rain, Overcast",Cloudy skies throughout the day with rain.,rain,"remote,43237099999"
anantapur,2020-09-13,27.4,22.9,24.8,30.1,22.9,25.2,22.7,88.1,16,100,20.83,rain,0,0,46.4,20.2,267,1008.2,99.5,7,88.3,7.7,4,,2020-09-13T06:08:13,2020-09-13T18:22:40,0.86,"Rain, Overcast",Cloudy skies throughout the day with rain.,rain,"remote,43237099999"
anantapur,2020-09-14,27.4,23.2,25,29.4,23.2,25.3,22.4,85.7,8.7,100,8.33,rain,0,0,46.8,21.2,270,1007.4,95.5,6.6,106.5,9.4,5,,2020-09-14T06:08:16,2020-09-14T18:21:54,0.9,"Rain, Overcast",Cloudy skies throughout the day with rain.,rain,"remote,43237099999"
anantapur,2020-09-15,30.4,23.2,26.3,33.9,23.2,27.6,22.3,79.5,4,100,8.33,rain,0,0,40,25.9,272,1006.4,89.4,7,143.8,12.5,6,,2020-09-15T06:08:19,2020-09-15T18:21:08,0.93,"Rain, Partially cloudy",Partly cloudy throughout the day with late afternoon rain.,rain,"remote,43237099999"
anantapur,2020-09-16,32,23.7,27.2,37.2,23.7,29,22.8,77.6,0.8,100,29.17,rain,0,0,43.2,23,271.1,1006.5,89.7,7,197.5,17,8,,2020-09-16T06:08:22,2020-09-16T18:20:22,0.96,"Rain, Partially cloudy",Partly cloudy throughout the day with rain.,rain,"remote,43237099999"
anantapur,2020-09-17,32.2,24.1,27.5,36.3,24.1,29.2,22.5,74.9,11,100,4.17,rain,0,0,43.2,24.1,268.8,1006.9,81.6,7.8,193.2,16.8,7,,2020-09-17T06:08:25,2020-09-17T18:19:37,0,"Rain, Partially cloudy",Partly cloudy throughout the day with late afternoon rain.,rain,"remote,43237099999"
anantapur,2020-09-18,31.3,24.2,26.7,36.2,24.2,28.3,23.3,82.2,23,100,4.17,rain,0,0,43.9,24.8,271.7,1006,90,7,203.6,17.7,7,,2020-09-18T06:08:28,2020-09-18T18:18:51,0.03,"Rain, Partially cloudy",Partly cloudy throughout the day with afternoon rain.,rain,"remote,43237099999"
anantapur,2020-09-19,28.9,23.5,25.9,32.4,23.5,27,23,84.5,3.7,100,8.33,rain,0,0,37.8,18.7,267.6,1004.2,97.9,7,100.2,8.8,3,,2020-09-19T06:08:31,2020-09-19T18:18:05,0.06,"Rain, Overcast",Cloudy skies throughout the day with rain.,rain,"remote,43237099999"
anantapur,2020-09-20,29.7,23.8,25.8,34.1,23.8,26.6,22.5,82.7,7.3,100,8.33,rain,0,0,46.1,25.9,250.9,1003.2,99.4,7,105.1,9.1,5,,2020-09-20T06:08:34,2020-09-20T18:17:19,0.1,"Rain, Overcast",Cloudy skies throughout the day with rain.,rain,"remote,43237099999"
anantapur,2020-09-21,29.3,23.9,26,32.6,23.9,26.9,21.6,76.8,0.5,100,4.17,rain,0,0,52.2,26.3,250.6,1003.1,97.1,7,84.4,7.2,4,,2020-09-21T06:08:37,2020-09-21T18:16:34,0.13,"Rain, Overcast",Cloudy skies throughout the day with morning rain.,rain,"remote,43237099999"
anantapur,2020-09-22,31.9,24.2,26.8,35.9,24.2,28,21.6,73.5,1.4,100,16.67,rain,0,0,60.1,34.2,251.1,1003.9,88.8,7,188.4,16.2,7,,2020-09-22T06:08:41,2020-09-22T18:15:48,0.17,"Rain, Partially cloudy",Partly cloudy throughout the day with rain in the morning and afternoon.,rain,"remote,43237099999"
anantapur,2020-09-23,32.2,23.2,27,34.4,23.2,28.1,21,70.8,0,0,0,,0,0,51.1,27.7,252.5,1006.5,41.1,7,192.8,16.6,6,,2020-09-23T06:08:44,2020-09-23T18:15:02,0.2,Partially cloudy,Partly cloudy throughout the day.,partly-cloudy-day,"remote,43237099999"
anantapur,2020-09-24,32.4,22.1,27.6,36.6,22.1,29.7,22,72.6,0.1,100,4.17,rain,0,0,35.6,19.4,248.5,1008.8,68.9,7,165.5,14.2,5,,2020-09-24T06:08:48,2020-09-24T18:14:17,0.25,"Rain, Partially cloudy",Partly cloudy throughout the day with morning rain.,rain,"remote,43237099999"
anantapur,2020-09-25,33.7,24.7,28.3,38.5,24.7,30.5,22.7,72.3,7.3,100,12.5,rain,0,0,33.8,20.5,262.8,1008.3,81.5,7,197.2,17.2,6,,2020-09-25T06:08:51,2020-09-25T18:13:32,0.27,"Rain, Partially cloudy",Partly cloudy throughout the day with late afternoon rain.,rain,"remote,43237099999"
anantapur,2020-09-26,25.7,22.7,24.4,25.7,22.7,24.4,22.6,89.6,39,100,16.67,rain,0,0,32,16.9,266,1009.1,99.6,7,65.5,5.7,3,,2020-09-26T06:08:55,2020-09-26T18:12:47,0.31,"Rain, Overcast",Cloudy skies throughout the day with rain clearing later.,rain,"remote,43237099999"
anantapur,2020-09-27,29.4,23.3,26,33.9,23.3,27.2,22.6,82.2,8.6,100,37.5,rain,0,0,36,16.9,285.9,1009.4,87.6,7,125.7,10.9,5,,2020-09-27T06:08:59,2020-09-27T18:12:02,0.34,"Rain, Partially cloudy",Partly cloudy throughout the day with a chance of rain throughout the day.,rain,"remote,43237099999"
anantapur,2020-09-28,32.1,22.7,27,35.1,22.7,28.9,22.8,78.9,0.2,100,4.17,rain,0,0,31.3,16.2,286.1,1008.4,79.6,7,236.4,20.4,9,,2020-09-28T06:09:03,2020-09-28T18:11:17,0.37,"Rain, Partially cloudy",Partly cloudy throughout the day with afternoon rain.,rain,"remote,43237099999"
anantapur,2020-09-29,31.3,24.7,26.7,35.9,24.7,28,23.3,82.1,16,100,4.17,rain,0,0,33.5,17.3,280.4,1007.8,86.3,7,195.6,16.9,7,,2020-09-29T06:09:08,2020-09-29T18:10:33,0.41,"Rain, Partially cloudy",Partly cloudy throughout the day with morning rain.,rain,"remote,43237099999"
anantapur,2020-09-30,30.3,22.2,25.6,34.3,22.2,26.8,22.7,84.7,59,100,20.83,rain,0,0,37.8,17.3,276,1007.2,98.3,6.3,193.5,16.6,8,,2020-09-30T06:09:12,2020-09-30T18:09:48,0.44,"Rain, Overcast",Cloudy skies throughout the day with a chance of rain throughout the day.,rain,"remote,43237099999"
anantapur,2020-10-01,30.4,22.9,26.2,35.1,22.9,27.6,22.7,81.7,6,100,4.17,rain,0,0,34.9,18.7,285.9,1007.6,86.1,7,152.2,13.2,6,,2020-10-01T06:09:17,2020-10-01T18:09:05,0.48,"Rain, Partially cloudy",Partly cloudy throughout the day with early morning rain.,rain,"remote,43237099999"
anantapur,2020-10-02,32.2,23.2,27.2,37.2,23.2,29.3,23.1,79,0.2,100,8.33,rain,0,0,36.7,17.3,278.6,1007.2,44.8,7,249.6,21.6,9,,2020-10-02T06:09:22,2020-10-02T18:08:21,0.5,"Rain, Partially cloudy",Partly cloudy throughout the day with rain.,rain,"remote,43237099999"
anantapur,2020-10-03,31.6,23.4,27.4,37.4,23.4,29.7,23.1,77.9,0.3,100,8.33,rain,0,0,35.6,19.1,274.4,1007.8,92.3,7,232.5,20.3,8,,2020-10-03T06:09:28,2020-10-03T18:07:38,0.55,"Rain, Overcast",Cloudy skies throughout the day with rain.,rain,"remote,43237099999"
anantapur,2020-10-04,31.2,23.8,27.2,35.4,23.8,28.9,22.2,74.6,0,0,0,,0,0,38.5,20.9,275.1,1008.9,95.3,7,230.7,19.9,8,,2020-10-04T06:09:33,2020-10-04T18:06:55,0.58,Overcast,Cloudy skies throughout the day.,cloudy,"remote,43237099999"
anantapur,2020-10-05,32.4,23.1,27.2,36.1,23.1,29.1,22.2,74.6,0.5,100,4.17,rain,0,0,38.9,20.5,288.8,1008.4,94.1,7,219.4,18.9,8,,2020-10-05T06:09:40,2020-10-05T18:06:12,0.61,"Rain, Overcast",Cloudy skies throughout the day with early morning rain.,rain,"remote,43237099999"
anantapur,2020-10-06,34.1,23.2,28.1,38.7,23.2,30,22.5,73.1,0,0,0,,0,0,31,15.5,289,1007.6,75.3,7,237.1,20.4,8,,2020-10-06T06:09:46,2020-10-06T18:05:30,0.65,Partially cloudy,Partly cloudy throughout the day.,partly-cloudy-day,"remote,43237099999"
anantapur,2020-10-07,32.5,24.1,27.7,37.8,24.1,29.8,22.7,75.2,0,0,0,,0,0,31.7,18,287.3,1008.1,79.4,7,231.7,19.9,8,,2020-10-07T06:09:53,2020-10-07T18:04:49,0.68,Partially cloudy,Partly cloudy throughout the day.,partly-cloudy-day,"remote,43237099999"
anantapur,2020-10-08,33.9,22.7,27.9,36.8,22.7,29.6,22.2,72.9,0,0,0,,0,0,27,11.5,304.8,1008,36.4,7,243.7,20.9,10,,2020-10-08T06:10:00,2020-10-08T18:04:08,0.71,Partially cloudy,Partly cloudy throughout the day.,partly-cloudy-day,"remote,43237099999"
anantapur,2020-10-09,35.1,24.1,28.4,41.4,24.1,31.2,23.3,75.1,1.9,100,20.83,rain,0,0,19.8,8.3,293.1,1007.8,53.6,7,205.9,17.7,7,,2020-10-09T06:10:07,2020-10-09T18:03:27,0.75,"Rain, Partially cloudy",Partly cloudy throughout the day with rain.,rain,"remote,43237099999"
anantapur,2020-10-10,32.7,23.2,26.7,39.9,23.2,28.4,23.3,82.2,17,100,8.33,rain,0,0,25.9,14.4,271.6,1007.7,90.5,7,189.5,16.2,6,,2020-10-10T06:10:15,2020-10-10T18:02:47,0.75,"Rain, Overcast",Cloudy skies throughout the day with rain.,rain,"remote,43237099999"
anantapur,2020-10-11,27.1,23.8,25.1,30.3,23.8,25.5,23.2,89.2,8,100,8.33,rain,0,0,32.4,15.1,269.1,1006.3,100,7,49.1,4.4,2,,2020-10-11T06:10:23,2020-10-11T18:02:07,0.81,"Rain, Overcast",Cloudy skies throughout the day with morning rain.,rain,"remote,43237099999"
anantapur,2020-10-12,31.1,23.4,26,35.4,23.4,27.3,22.8,82.9,1.9,100,33.33,rain,0,0,24.1,13.7,274.2,1003.7,97.7,7,110.7,9.4,5,,2020-10-12T06:10:32,2020-10-12T18:01:28,0.85,"Rain, Overcast",Cloudy skies throughout the day with rain clearing later.,rain,"remote,43237099999"
anantapur,2020-10-13,29.7,23.2,25.9,34.1,23.2,27.1,22.7,83.1,2.5,100,8.33,rain,0,0,39.6,22,262.1,1002.5,97.3,7,135.9,11.6,7,,2020-10-13T06:10:41,2020-10-13T18:00:50,0.88,"Rain, Overcast",Cloudy skies throughout the day with rain.,rain,"remote,43237099999"
anantapur,2020-10-14,30.9,23.1,26.1,34.4,23.1,27.1,21.8,78.3,7,100,4.17,rain,0,0,59,30.2,243.1,1002.6,85,7,205.9,17.7,9,,2020-10-14T06:10:50,2020-10-14T18:00:12,0.91,"Rain, Partially cloudy",Partly cloudy throughout the day with afternoon rain.,rain,"remote,43237099999"
anantapur,2020-10-15,30.9,22.4,26.3,35.8,22.4,27.6,21.9,77.1,1.5,100,4.17,rain,0,0,45,21.6,234.9,1004.4,78.2,7,173.9,15.1,6,,2020-10-15T06:11:00,2020-10-15T17:59:35,0.95,"Rain, Partially cloudy",Partly cloudy throughout the day with afternoon rain.,rain,"remote,43237099999"
anantapur,2020-10-16,32.2,22.1,26.5,35.6,22.1,27.7,21.6,75.8,0,0,0,,0,0,27.7,15.8,254.5,1005.5,40.7,7,177,15.3,5,,2020-10-16T06:11:11,2020-10-16T17:58:59,0.98,Partially cloudy,Partly cloudy throughout the day.,partly-cloudy-day,"remote,43237099999"
anantapur,2020-10-17,32.7,22.2,26.8,36,22.2,28,21.5,74.3,0,0,0,,0,0,20.2,10.8,277.4,1006.9,51,7,229.8,19.8,9,,2020-10-17T06:11:22,2020-10-17T17:58:23,0,Partially cloudy,Partly cloudy throughout the day.,partly-cloudy-day,"remote,43237099999"
anantapur,2020-10-18,32.9,23.3,27.1,35.8,23.3,28.6,22.1,75.2,0.1,100,4.17,rain,0,0,22.7,11.2,287.6,1007.4,71.6,7,196.3,16.9,6,,2020-10-18T06:11:33,2020-10-18T17:57:48,0.05,"Rain, Partially cloudy",Partly cloudy throughout the day with afternoon rain.,rain,"remote,43237099999"
anantapur,2020-10-19,30.6,24.9,26.9,36.3,24.9,28.3,23.1,80.2,0.3,100,4.17,rain,0,0,29.9,13,291.3,1007.4,79.1,7,196.9,17.1,8,,2020-10-19T06:11:45,2020-10-19T17:57:13,0.08,"Rain, Partially cloudy",Partly cloudy throughout the day with afternoon rain.,rain,"remote,43237099999"
anantapur,2020-10-20,30.9,24.1,25.8,35.8,24.1,26.7,23.1,85.8,30.7,100,12.5,rain,0,0,29.2,13.7,291.2,1007.2,99.3,7,108.2,9.2,4,,2020-10-20T06:11:58,2020-10-20T17:56:40,0.12,"Rain, Overcast",Cloudy skies throughout the day with rain.,rain,"remote,43237099999"
anantapur,2020-10-21,28.6,23.2,25.4,33.2,23.2,26.4,23.4,88.7,0.4,100,4.17,rain,0,0,22.3,11.9,287.7,1007.9,99.6,7,85.1,7.3,3,,2020-10-21T06:12:11,2020-10-21T17:56:07,0.15,"Rain, Overcast",Cloudy skies throughout the day with morning rain.,rain,"remote,43237099999"
anantapur,2020-10-22,30.2,23.7,26.5,35.1,23.7,28.2,23.6,84.3,0.7,100,16.67,rain,0,0,22.3,11.9,272.8,1007.2,97.6,7,118.8,10.3,4,,2020-10-22T06:12:25,2020-10-22T17:55:35,0.18,"Rain, Overcast",Cloudy skies throughout the day with afternoon rain.,rain,"remote,43237099999"
anantapur,2020-10-23,32.4,24.1,27.4,38.1,24.1,29.3,23.3,79.2,0.4,100,12.5,rain,0,0,30.6,14.8,265.6,1007.1,92.4,7,185.6,15.9,7,,2020-10-23T06:12:39,2020-10-23T17:55:04,0.25,"Rain, Overcast",Cloudy skies throughout the day with rain.,rain,"remote,43237099999"
anantapur,2020-10-24,32.4,22.1,27.2,36.4,22.1,29,22.1,74.8,0.2,100,8.33,rain,0,0,23,13.3,271.2,1009,53,7,220.3,18.9,7,,2020-10-24T06:12:54,2020-10-24T17:54:33,0.25,"Rain, Partially cloudy",Partly cloudy throughout the day with afternoon rain.,rain,"remote,43237099999"
anantapur,2020-10-25,32.9,23.1,27.5,36.5,23.1,29.1,22.3,74.5,0.1,100,4.17,rain,0,0,18.7,10.4,1.9,1010.3,46.6,7,224,19.5,8,,2020-10-25T06:13:09,2020-10-25T17:54:04,0.29,"Rain, Partially cloudy",Partly cloudy throughout the day with early morning rain.,rain,"remote,43237099999"
anantapur,2020-10-26,32.9,22.7,27.4,34.8,22.7,28.6,21.4,71.2,0,0,0,,0,0,23.4,9.4,50.2,1011.1,20.9,7,221,19.2,8,,2020-10-26T06:13:25,2020-10-26T17:53:35,0.32,Partially cloudy,Partly cloudy throughout the day.,partly-cloudy-day,"remote,43237099999"
anantapur,2020-10-27,32.4,21.4,27.1,33.9,21.4,27.9,20.7,69.7,0,0,0,,0,0,28.1,9.4,28.3,1010.6,13.6,7,243.2,21.1,9,,2020-10-27T06:13:41,2020-10-27T17:53:08,0.35,Clear,Clear conditions throughout the day.,clear-day,"remote,43237099999"
anantapur,2020-10-28,31.9,21.7,26.7,33.5,21.7,27.3,19.9,67.7,0,0,0,,0,0,22.3,9.4,72.1,1011.5,34.9,7,231.9,20,8,,2020-10-28T06:13:58,2020-10-28T17:52:41,0.39,Partially cloudy,Partly cloudy throughout the day.,partly-cloudy-day,"remote,43237099999"
anantapur,2020-10-29,30.9,22.7,26.4,31.8,22.7,26.8,19.8,68.9,0,0,0,,0,0,26.3,11.9,91.4,1011.8,61,5.5,226.6,19.4,8,,2020-10-29T06:14:16,2020-10-29T17:52:15,0.42,Partially cloudy,Partly cloudy throughout the day.,partly-cloudy-day,"remote,43237099999"
anantapur,2020-10-30,31.7,23,26.9,33.9,23,27.6,20.4,69,0.2,100,4.17,rain,0,0,22.7,10.8,53.2,1011.3,59.5,5.5,184,15.7,8,,2020-10-30T06:14:34,2020-10-30T17:51:50,0.45,"Rain, Partially cloudy",Partly cloudy throughout the day with early morning rain.,rain,"remote,43237099999"
anantapur,2020-10-31,32.4,22.1,27.1,35.5,22.1,28.1,20.9,70.5,0,0,0,,0,0,23.4,10.4,10.6,1010.9,18.9,5.5,225.2,19.5,8,,2020-10-31T06:14:53,2020-10-31T17:51:26,0.5,Clear,Clear conditions throughout the day.,clear-day,"remote,43237099999"
anantapur,2020-11-01,34.1,21.7,27.1,35.4,21.7,27.7,19.6,65.2,0,0,0,,0,0,19.8,7.9,22.2,1011.5,19.9,5.5,240.3,20.9,9,,2020-11-01T06:15:13,2020-11-01T17:51:03,0.52,Clear,Clear conditions throughout the day.,clear-day,"remote,43237099999"
anantapur,2020-11-02,34.1,20.4,27.1,36.8,20.4,28.1,20,66.9,0,0,0,,0,0,19.4,9,17,1012.2,45.8,5.5,225.4,19.7,8,,2020-11-02T06:15:33,2020-11-02T17:50:42,0.56,Partially cloudy,Clearing in the afternoon.,partly-cloudy-day,"remote,43237099999"
anantapur,2020-11-03,32.9,21.7,27.7,35.8,21.7,29,20.6,66.5,0,0,0,,0,0,25.6,11.2,47.6,1012.4,19.3,5.5,222.6,19.2,8,,2020-11-03T06:15:54,2020-11-03T17:50:21,0.59,Clear,Clear conditions throughout the day.,clear-day,"remote,43237099999"
anantapur,2020-11-04,32.4,23.2,27.5,34.8,23.2,28.5,21.3,70.3,0.2,100,8.33,rain,0,0,25.9,11.9,48.2,1012.1,40.6,5.5,204.6,17.7,7,,2020-11-04T06:16:15,2020-11-04T17:50:01,0.63,"Rain, Partially cloudy",Partly cloudy throughout the day with afternoon rain.,rain,"remote,43237099999"
anantapur,2020-11-05,32.7,22.1,27,33.3,22.1,27.6,20.1,68.4,0.1,100,4.17,rain,0,0,26.6,13.3,46.9,1012.6,23.2,5.5,216.8,18.6,8,,2020-11-05T06:16:37,2020-11-05T17:49:42,0.66,"Rain, Partially cloudy",Partly cloudy throughout the day with afternoon rain.,rain,"remote,43237099999"
anantapur,2020-11-06,33.2,21.7,26.9,36.4,21.7,28.6,22,75.5,0.9,100,25,rain,0,0,34.2,16.2,78.1,1013.8,61,5.7,195.8,17,7,,2020-11-06T06:17:00,2020-11-06T17:49:25,0.69,"Rain, Partially cloudy",Partly cloudy throughout the day with rain in the morning and afternoon.,rain,"remote,43237099999"
anantapur,2020-11-07,30.7,23.1,26.5,34.7,23.1,27.9,22.6,79.4,0.3,100,4.17,rain,0,0,33.1,15.5,80.7,1014.7,45.8,6.3,189.5,16.3,7,,2020-11-07T06:17:23,2020-11-07T17:49:08,0.73,"Rain, Partially cloudy",Partly cloudy throughout the day with afternoon rain.,rain,"remote,43237099999"
anantapur,2020-11-08,31.3,22.1,26.6,34.1,22.1,27.7,21.7,76,0,0,0,,0,0,31.7,15.1,76.3,1014.7,30.3,4.8,180.3,15.5,7,,2020-11-08T06:17:47,2020-11-08T17:48:53,0.75,Partially cloudy,Partly cloudy throughout the day.,partly-cloudy-day,"remote,43237099999"
anantapur,2020-11-09,31.2,18.7,25.6,32.5,18.7,25.9,19,69.6,0,0,0,,0,0,27.7,13,44.8,1014.1,19.5,6.3,237,20.5,9,,2020-11-09T06:18:11,2020-11-09T17:48:39,0.8,Clear,Clear conditions throughout the day.,clear-day,"remote,43237099999"
anantapur,2020-11-10,30.4,16.1,23.4,29.5,16.1,23.2,13.3,56,0,0,0,,0,0,27,11.5,56.1,1012.2,23.4,6.3,260.4,22.6,9,,2020-11-10T06:18:36,2020-11-10T17:48:26,0.83,Partially cloudy,Partly cloudy throughout the day.,partly-cloudy-day,"remote,43237099999"
anantapur,2020-11-11,31,15.2,24.2,31.1,15.2,24.3,16.4,64,0,0,0,,0,0,30.2,13,58.1,1012.3,69.3,6.3,248.6,21.6,9,,2020-11-11T06:19:02,2020-11-11T17:48:14,0.86,Partially cloudy,Partly cloudy throughout the day.,partly-cloudy-day,"remote,43237099999"
anantapur,2020-11-12,29.3,20.2,25.4,32.5,20.2,26.3,20.6,75,0.4,100,4.17,rain,0,0,31.7,16.6,59.3,1012.9,85.2,6.3,98.5,8.5,3,,2020-11-12T06:19:28,2020-11-12T17:48:03,0.9,"Rain, Partially cloudy",Partly cloudy throughout the day with morning rain.,rain,"remote,43237099999"
anantapur,2020-11-13,29.2,23.9,25.7,32.1,23.9,26.4,22.2,81.6,3,100,37.5,rain,0,0,36.7,17.3,83.3,1012.9,80.2,6.3,115.9,10,5,,2020-11-13T06:19:54,2020-11-13T17:47:53,0.93,"Rain, Partially cloudy",Partly cloudy throughout the day with a chance of rain throughout the day.,rain,"remote,43237099999"
anantapur,2020-11-14,31.6,23.3,26.7,33.3,23.3,27.4,20.8,72.2,0,0,0,,0,0,34.9,17.3,81.4,1011.6,48.8,7,215.6,18.7,8,,2020-11-14T06:20:22,2020-11-14T17:47:45,0.97,Partially cloudy,Partly cloudy throughout the day.,partly-cloudy-day,"remote,43237099999"
anantapur,2020-11-15,27.9,20.4,24.6,30,20.4,24.9,21.7,84.2,12,100,12.5,rain,0,0,36,15.5,64.3,1011.8,69.3,6.3,100.4,8.7,4,,2020-11-15T06:20:49,2020-11-15T17:47:37,0,"Rain, Partially cloudy",Partly cloudy throughout the day with rain.,rain,"remote,43237099999"
anantapur,2020-11-16,27.2,22.6,24.5,29.9,22.6,24.7,22.9,90.9,0.2,100,4.17,rain,0,0,39.2,25.9,85.2,1012.5,95.2,7.4,83.4,7.3,4,,2020-11-16T06:21:18,2020-11-16T17:47:31,0.03,"Rain, Overcast",Cloudy skies throughout the day with afternoon rain.,rain,"remote,43237099999"
anantapur,2020-11-17,29.1,23.1,25.3,32,23.1,26.1,22.4,84.8,2,100,4.17,rain,0,0,40.3,20.9,85.3,1011.9,74.6,7,131.5,11.2,6,,2020-11-17T06:21:47,2020-11-17T17:47:26,0.07,"Rain, Partially cloudy",Partly cloudy throughout the day with late afternoon rain.,rain,"remote,43237099999"
anantapur,2020-11-18,30.9,22.4,26.1,34.7,22.4,27.4,22.3,80.4,0.6,100,25,rain,0,0,32,15.1,98.3,1011.7,84.1,7,160,13.9,7,,2020-11-18T06:22:16,2020-11-18T17:47:22,0.1,"Rain, Partially cloudy",Partly cloudy throughout the day with rain in the morning and afternoon.,rain,"remote,43237099999"
anantapur,2020-11-19,31.2,23.1,26.6,33.2,23.1,27.3,21.4,74.7,0.1,100,4.17,rain,0,0,33.8,16.9,103.1,1011.9,70.2,7,186.7,16.1,7,,2020-11-19T06:22:46,2020-11-19T17:47:20,0.13,"Rain, Partially cloudy",Partly cloudy throughout the day with morning rain.,rain,"remote,43237099999"
anantapur,2020-11-20,31.4,19.7,24.9,31.9,19.7,25.2,19.1,72.9,0,0,0,,0,0,25.9,12.6,99.1,1012.7,66.7,5.8,234.8,20.2,9,,2020-11-20T06:23:16,2020-11-20T17:47:18,0.17,Partially cloudy,Partly cloudy throughout the day.,partly-cloudy-day,"remote,43237099999"
anantapur,2020-11-21,31.5,15.4,24.6,30.3,15.4,24.4,15.8,62.5,0,0,0,,0,0,25.6,11.5,89.5,1013,31.7,6.3,246.9,21.2,9,,2020-11-21T06:23:47,2020-11-21T17:47:18,0.2,Partially cloudy,Partly cloudy throughout the day.,partly-cloudy-day,"remote,43237099999"
anantapur,2020-11-22,31.2,19.1,24.8,31.6,19.1,25.1,17.2,63.8,0,0,0,,0,0,27,11.9,90,1013.4,70.4,6.3,235.6,20.2,8,,2020-11-22T06:24:18,2020-11-22T17:47:19,0.25,Partially cloudy,Partly cloudy throughout the day.,partly-cloudy-day,"remote,43237099999"
anantapur,2020-11-23,28.9,19.2,24.6,30.5,19.2,25.3,19.8,75.2,0,0,0,,0,0,30.2,14.4,77.7,1013.8,85.4,6.8,190.9,16.6,7,,2020-11-23T06:24:49,2020-11-23T17:47:21,0.27,Partially cloudy,Partly cloudy throughout the day.,partly-cloudy-day,"remote,43237099999"
anantapur,2020-11-24,29.9,20.1,24.9,30,20.1,25.3,19.3,72.7,0.1,100,4.17,rain,0,0,31,14,64.7,1012.6,88.3,6.3,170.4,14.8,7,,2020-11-24T06:25:21,2020-11-24T17:47:25,0.3,"Rain, Partially cloudy",Partly cloudy throughout the day with afternoon rain.,rain,"remote,43237099999"
anantapur,2020-11-25,29.1,19.7,24.3,30.4,19.7,24.5,19.2,74.6,0.2,100,4.17,rain,0,0,35.6,17.3,56.8,1011.2,91.2,5.5,195.7,17,7,,2020-11-25T06:25:53,2020-11-25T17:47:29,0.33,"Rain, Overcast",Cloudy skies throughout the day with late afternoon rain.,rain,"remote,43237099999"
anantapur,2020-11-26,23.6,21.1,22.6,23.6,21.1,22.6,20.7,88.8,0.3,100,4.17,rain,0,0,38.9,21.6,8.4,1010.5,100,4,40.2,3.5,1,,2020-11-26T06:26:26,2020-11-26T17:47:35,0.36,"Rain, Overcast",Cloudy skies throughout the day with morning rain.,rain,"remote,43237099999"
anantapur,2020-11-27,21.1,19.8,20.5,21.1,19.8,20.5,19.4,93.6,24.7,100,20.83,rain,0,0,37.4,13.7,332.3,1012.6,99.8,6.3,23.3,2.1,1,,2020-11-27T06:26:58,2020-11-27T17:47:42,0.4,"Rain, Overcast",Cloudy skies throughout the day with rain.,rain,"remote,43237099999"
anantapur,2020-11-28,26.4,19.9,22.6,26.4,19.9,22.6,19.9,85.1,0.6,100,20.83,rain,0,0,25.6,12.2,77.6,1013.7,79.8,7,106.7,9.3,5,,2020-11-28T06:27:32,2020-11-28T17:47:50,0.43,"Rain, Partially cloudy",Partly cloudy throughout the day with a chance of rain throughout the day.,rain,"remote,43237099999"
anantapur,2020-11-29,26.4,22,23.6,26.4,22,23.6,21.4,87.6,0.1,100,4.17,rain,0,0,35.6,16.9,80.4,1014.8,82.3,7,140.3,12.1,6,,2020-11-29T06:28:05,2020-11-29T17:47:59,0.46,"Rain, Partially cloudy",Partly cloudy throughout the day with late afternoon rain.,rain,"remote,43237099999"
anantapur,2020-11-30,29,21.9,24.6,29.9,21.9,25.1,20.5,79.1,0,0,0,,0,0,30.2,15.1,90,1014.7,67.6,7,197.1,17,8,,2020-11-30T06:28:38,2020-11-30T17:48:09,0.5,Partially cloudy,Partly cloudy throughout the day.,partly-cloudy-day,"remote,43237099999"
anantapur,2020-12-01,29.1,19.4,23.7,29.1,19.4,23.8,18.5,75,0,0,0,,0,0,33.1,16.6,99.3,1014.6,50.2,6.3,225.2,19.4,8,,2020-12-01T06:29:12,2020-12-01T17:48:21,0.53,Partially cloudy,Partly cloudy throughout the day.,partly-cloudy-day,"remote,43237099999"
anantapur,2020-12-02,28.9,18.1,23.3,29.6,18.1,23.6,18.3,75.1,0,0,0,,0,0,28.8,14,72.1,1013.4,89.9,6.3,222.6,19.3,8,,2020-12-02T06:29:46,2020-12-02T17:48:33,0.57,Partially cloudy,Partly cloudy throughout the day.,partly-cloudy-day,"remote,43237099999"
anantapur,2020-12-03,27.5,19.7,23.8,28.6,19.7,23.9,19.3,77.2,0,0,0,,0,0,31.7,15.1,76.1,1012.3,97.9,6.3,150.8,12.9,6,,2020-12-03T06:30:20,2020-12-03T17:48:47,0.6,Overcast,Cloudy skies throughout the day.,cloudy,"remote,43237099999"
anantapur,2020-12-04,28.8,21.6,24.9,30.5,21.6,25.4,20.1,75.3,0,0,0,,0,0,39.6,19.8,70.7,1011.3,80.7,6.3,154.3,13.2,6,,2020-12-04T06:30:54,2020-12-04T17:49:01,0.64,Partially cloudy,Partly cloudy throughout the day.,partly-cloudy-day,"remote,43237099999"
anantapur,2020-12-05,29.4,20.4,24.7,30.7,20.4,25.3,19.6,74.6,0,0,0,,0,0,35.6,18.4,66.4,1011.7,79.3,6.3,174.9,15.1,7,,2020-12-05T06:31:28,2020-12-05T17:49:17,0.67,Partially cloudy,Partly cloudy throughout the day.,partly-cloudy-day,"remote,43237099999"
anantapur,2020-12-06,28.1,19.9,24.2,29.8,19.9,24.6,19.5,76.3,0,0,0,,0,0,38.5,20.9,71.2,1013.2,80,6.3,131.6,11.5,5,,2020-12-06T06:32:02,2020-12-06T17:49:34,0.71,Partially cloudy,Partly cloudy throughout the day.,partly-cloudy-day,"remote,43237099999"
anantapur,2020-12-07,27.5,22.1,24.4,29.7,22.1,24.5,21.5,84.2,4.2,100,12.5,rain,0,0,37.4,19.8,71.4,1014.5,89.5,5.5,85.8,7.4,4,,2020-12-07T06:32:36,2020-12-07T17:49:52,0.74,"Rain, Partially cloudy",Partly cloudy throughout the day with a chance of rain throughout the day.,rain,"remote,43237099999"
anantapur,2020-12-08,28.2,22.1,24.4,30.6,22.1,24.8,21.8,85.8,10,100,12.5,rain,0,0,38.2,20.5,85.1,1015.1,84.6,5.5,149.9,13,6,,2020-12-08T06:33:10,2020-12-08T17:50:11,0.75,"Rain, Partially cloudy",Partly cloudy throughout the day with rain.,rain,"remote,43237099999"
anantapur,2020-12-09,28.1,22.1,24.5,30.2,22.1,24.6,21.5,84,1.2,100,25,rain,0,0,32.8,15.1,96.5,1014.2,70.2,6.3,130.8,11.4,6,,2020-12-09T06:33:44,2020-12-09T17:50:30,0.81,"Rain, Partially cloudy",Partly cloudy throughout the day with rain.,rain,"remote,43237099999"
anantapur,2020-12-10,30,19.4,24.3,28.8,19.4,24.2,17.3,69.4,0,0,0,,0,0,28.4,13.7,100.8,1013.8,20.8,6.3,219.5,18.8,8,,2020-12-10T06:34:18,2020-12-10T17:50:51,0.85,Partially cloudy,Clearing in the afternoon.,partly-cloudy-day,"remote,43237099999"
anantapur,2020-12-11,30,17.9,23.4,28.9,17.9,23.3,16.1,67.2,0,0,0,,0,0,25.9,12.6,106.5,1014.1,5,6.3,233.8,20.3,8,,2020-12-11T06:34:52,2020-12-11T17:51:13,0.88,Clear,Clear conditions throughout the day.,clear-day,"remote,43237099999"
anantapur,2020-12-12,29.5,16.7,22.5,28.3,16.7,22.4,15.7,69.4,0,0,0,,0,0,29.2,13.3,108.8,1013.6,40.6,5.1,235.3,20.4,8,,2020-12-12T06:35:25,2020-12-12T17:51:35,0.92,Partially cloudy,Partly cloudy throughout the day.,partly-cloudy-day,"remote,43237099999"
anantapur,2020-12-13,29.7,15.9,22.7,28.9,15.9,22.6,16,69.9,0,0,0,,0,0,25.9,10.8,107.2,1012.7,39.8,6.3,233.8,20.2,8,,2020-12-13T06:35:59,2020-12-13T17:51:59,0.95,Partially cloudy,Partly cloudy throughout the day.,partly-cloudy-day,"remote,43237099999"
anantapur,2020-12-14,30.1,16.1,23.1,29.8,16.1,23.2,16.5,69.7,0,0,0,,0,0,30.2,14,105.8,1012.5,15.6,6.3,230.8,20,8,,2020-12-14T06:36:32,2020-12-14T17:52:23,0,Clear,Clear conditions throughout the day.,clear-day,"remote,43237099999"
anantapur,2020-12-15,29.4,17.7,23.1,29.2,17.7,23.2,17.1,71.4,0,0,0,,0,0,32.4,15.1,106.8,1014.1,24.5,5.3,223.3,19.3,8,,2020-12-15T06:37:04,2020-12-15T17:52:48,0.02,Partially cloudy,Partly cloudy throughout the day.,partly-cloudy-day,"remote,43237099999"
anantapur,2020-12-16,28.6,19.2,23.9,29.8,19.2,24.3,19.8,78.8,0.5,100,20.83,rain,0,0,37.1,17.6,90.1,1014.8,77.8,5.3,120.7,10.5,5,,2020-12-16T06:37:37,2020-12-16T17:53:14,0.05,"Rain, Partially cloudy",Partly cloudy throughout the day with rain in the morning and afternoon.,rain,"remote,43237099999"
anantapur,2020-12-17,29.2,21.1,24.9,31,21.1,25.5,20.2,75.9,0,0,0,,0,0,30.6,14.4,93.2,1014.7,78.3,5.5,148.5,12.9,6,,2020-12-17T06:38:09,2020-12-17T17:53:41,0.08,Partially cloudy,Partly cloudy throughout the day.,partly-cloudy-day,"remote,43237099999"
anantapur,2020-12-18,28.8,19.9,24.3,29.5,19.9,24.6,19.2,74.8,0,0,0,,0,0,34.2,16.6,93.3,1014.5,53.6,6.3,144.6,12.5,6,,2020-12-18T06:38:41,2020-12-18T17:54:09,0.12,Partially cloudy,Partly cloudy throughout the day.,partly-cloudy-day,"remote,43237099999"
anantapur,2020-12-19,29.1,18.1,23.7,29.6,18.1,23.9,18.2,73.7,0,0,0,,0,0,34.6,16.2,99.1,1015.2,64.6,5.5,210.7,18.1,8,,2020-12-19T06:39:12,2020-12-19T17:54:37,0.15,Partially cloudy,Partly cloudy throughout the day.,partly-cloudy-day,"remote,43237099999"
anantapur,2020-12-20,27.6,19.1,23.1,28.5,19.1,23.3,18.4,76.3,0.4,100,16.67,rain,0,0,37.1,18.4,88.3,1015.6,59.6,5,147.1,12.6,5,,2020-12-20T06:39:42,2020-12-20T17:55:06,0.18,"Rain, Partially cloudy",Partly cloudy throughout the day with rain in the morning and afternoon.,rain,"remote,43237099999"
anantapur,2020-12-21,27.6,17.1,22.1,27.5,17.1,22.1,16.2,72.2,0,0,0,,0,0,35.3,16.6,98.7,1014.9,60.5,4.6,225.3,19.3,8,,2020-12-21T06:40:13,2020-12-21T17:55:35,0.21,Partially cloudy,Partly cloudy throughout the day.,partly-cloudy-day,"remote,43237099999"
anantapur,2020-12-22,28.3,14.7,21.6,27.5,14.7,21.5,13.9,65,0,0,0,,0,0,30.2,13.3,108.3,1013.8,49.9,5.8,236.4,20.2,8,,2020-12-22T06:40:42,2020-12-22T17:56:05,0.25,Partially cloudy,Partly cloudy throughout the day.,partly-cloudy-day,"remote,43237099999"
anantapur,2020-12-23,29.2,16.9,22.4,29,16.9,22.4,14.9,65.9,0,0,0,,0,0,28.4,11.9,100.3,1012.7,35.6,5.5,229.4,19.6,8,,2020-12-23T06:41:12,2020-12-23T17:56:36,0.28,Partially cloudy,Partly cloudy throughout the day.,partly-cloudy-day,"remote,43237099999"
anantapur,2020-12-24,29,17.1,22.9,28.4,17.1,22.9,15.9,67.5,0,0,0,,0,0,30.6,13.3,96.1,1011.9,2.8,5.5,224.9,19.3,8,,2020-12-24T06:41:40,2020-12-24T17:57:07,0.31,Clear,Clear conditions throughout the day.,clear-day,"remote,43237099999"
anantapur,2020-12-25,29.4,16.7,23,28.8,16.7,23,15.6,66.3,0,0,0,,0,0,30.6,14,97.1,1013,23.9,5.3,229.3,19.7,8,,2020-12-25T06:42:08,2020-12-25T17:57:39,0.34,Partially cloudy,Partly cloudy throughout the day.,partly-cloudy-day,"remote,43237099999"
anantapur,2020-12-26,28.7,16.2,22.5,28.3,16.2,22.5,16.4,70.9,0,0,0,,0,0,30.2,13.3,101.1,1013.9,4,5.3,229.9,19.9,8,,2020-12-26T06:42:35,2020-12-26T17:58:11,0.37,Clear,Clear conditions throughout the day.,clear-day,"remote,43237099999"
anantapur,2020-12-27,29.7,16.4,22.8,29,16.4,22.8,16,68.8,0,0,0,,0,0,27.4,11.5,99.8,1013.3,7.6,5.3,229.5,19.8,8,,2020-12-27T06:43:02,2020-12-27T17:58:44,0.41,Clear,Clear conditions throughout the day.,clear-day,"remote,43237099999"
anantapur,2020-12-28,30.1,16.1,22.8,29,16.1,22.7,14.9,64.9,0,0,0,,0,0,28.8,12.6,110.7,1012.8,23,4.6,234.9,20.4,8,,2020-12-28T06:43:27,2020-12-28T17:59:17,0.44,Partially cloudy,Partly cloudy throughout the day.,partly-cloudy-day,"remote,43237099999"
anantapur,2020-12-29,29.9,15.7,23,28.8,15.7,23,15.2,64.8,0,0,0,,0,0,30.6,13.7,97.8,1012.5,8.1,5.1,232.1,20.1,8,,2020-12-29T06:43:52,2020-12-29T17:59:50,0.47,Clear,Clear conditions throughout the day.,clear-day,"remote,43237099999"
anantapur,2020-12-30,30.9,19.7,24.9,31.4,19.7,25.2,18,67.1,0,0,0,,0,0,38.5,20.9,98.6,1012.4,35.6,6,205.2,17.8,8,,2020-12-30T06:44:17,2020-12-30T18:00:24,0.5,Partially cloudy,Partly cloudy throughout the day.,partly-cloudy-day,"remote,43237099999"
anantapur,2020-12-31,28.6,20.7,24.3,29.8,20.7,24.6,18.7,71.8,0,0,0,,0,0,38.2,19.1,97.4,1013.3,56.2,6.3,142.8,12.4,6,,2020-12-31T06:44:40,2020-12-31T18:00:58,0.54,Partially cloudy,Partly cloudy throughout the day.,partly-cloudy-day,"remote,43237099999"
